path,label
/home/jovyan/shared/pdt/dataset_public/test/good/1DOLLAR3RD__good__CAM4-20250312 170208971.bmp,0
/home/jovyan/shared/pdt/dataset_public/test/good/50CTS3RD__good__CAM2-20250313 160920139.bmp,0
/home/jovyan/shared/pdt/dataset_public/test/bad/5CTS3RD__Oxidation__CAM4-20250305 161627334.bmp,1
/home/jovyan/shared/pdt/dataset_public/test/bad/5CTS3RD__Damaged__CAM4-20250305 160749339.bmp,1
/home/jovyan/shared/pdt/dataset_public/test/good/50CTS3RD__good__CAM4-20250313 160924908.bmp,0
/home/jovyan/shared/pdt/dataset_public/test/good/5CTS3RD__good__CAM4-20250312 103032129.bmp,0
/home/jovyan/shared/pdt/dataset_public/test/good/1DOLLAR3RD__good__CAM3-20250312 170325386.bmp,0
/home/jovyan/shared/pdt/dataset_public/test/good/5CTS3RD__good__CAM4-20250312 103101700.bmp,0
/home/jovyan/shared/pdt/dataset_public/test/bad/5CTS3RD__Damaged__CAM1-20250305 161229467.bmp,1
/home/jovyan/shared/pdt/dataset_public/test/bad/50CTS3RD__Dirty__CAM3-20250304 181352115.bmp,1
/home/jovyan/shared/pdt/dataset_public/test/good/50CTS3RD__good__CAM1-20250313 160944641.bmp,0
/home/jovyan/shared/pdt/dataset_public/test/good/5CTS3RD__good__CAM3-20250305 155345666.bmp,0
/home/jovyan/shared/pdt/dataset_public/test/bad/50CTS3RD__Dirty__CAM1-20250304 181253778.bmp,1
/home/jovyan/shared/pdt/dataset_public/test/bad/50CTS3RD__Discolored__CAM3-20250304 181257188.bmp,1
/home/jovyan/shared/pdt/dataset_public/test/bad/50CTS3RD__Discolored__CAM3-20250304 181101053.bmp,1
/home/jovyan/shared/pdt/dataset_public/test/good/5CTS3RD__good__CAM1-20250312 103101777.bmp,0
/home/jovyan/shared/pdt/dataset_public/test/bad/1DOLLAR3RD__Discolored__CAM2-20250303 174132227.bmp,1
/home/jovyan/shared/pdt/dataset_public/test/bad/5CTS3RD__Damaged__CAM4-20250305 161157501 - Copie.bmp,1
/home/jovyan/shared/pdt/dataset_public/test/good/5CTS3RD__good__CAM1-20250312 103030001.bmp,0
/home/jovyan/shared/pdt/dataset_public/test/bad/5CTS3RD__Dirty__CAM3-20250305 161241385.bmp,1
/home/jovyan/shared/pdt/dataset_public/test/bad/50CTS3RD__Oxidation__CAM3-20250304 181251176.bmp,1
/home/jovyan/shared/pdt/dataset_public/test/bad/5CTS3RD__Dirty__CAM4-20250305 160206010.bmp,1
/home/jovyan/shared/pdt/dataset_public/test/good/5CTS3RD__good__CAM2-20250312 103148376.bmp,0
/home/jovyan/shared/pdt/dataset_public/test/good/1DOLLAR3RD__good__CAM4-20250312 161458350.bmp,0
/home/jovyan/shared/pdt/dataset_public/test/good/1DOLLAR3RD__good__CAM4-20250304 171211020.bmp,0
/home/jovyan/shared/pdt/dataset_public/test/good/50CTS3RD__good__CAM3-20250304 180859705.bmp,0
/home/jovyan/shared/pdt/dataset_public/test/bad/50CTS3RD__Dirty__CAM1-20250304 181158944.bmp,1
/home/jovyan/shared/pdt/dataset_public/test/good/5CTS3RD__good__CAM4-20250305 155344010.bmp,0
/home/jovyan/shared/pdt/dataset_public/test/good/50CTS3RD__good__CAM2-20250304 180851243.bmp,0
/home/jovyan/shared/pdt/dataset_public/test/good/5CTS3RD__good__CAM3-20250305 155405328.bmp,0
/home/jovyan/shared/pdt/dataset_public/test/good/5CTS3RD__good__CAM3-20250305 155412926.bmp,0
/home/jovyan/shared/pdt/dataset_public/test/good/1DOLLAR3RD__good__CAM2-20250312 170211901.bmp,0
/home/jovyan/shared/pdt/dataset_public/test/bad/50CTS3RD__Dirty__CAM4-20250304 181159043.bmp,1
/home/jovyan/shared/pdt/dataset_public/test/bad/1DOLLAR3RD__Dirty__CAM2-20250303 174507273.bmp,1
/home/jovyan/shared/pdt/dataset_public/test/good/1DOLLAR3RD__good__CAM3-20250304 171225334.bmp,0
/home/jovyan/shared/pdt/dataset_public/test/bad/50CTS3RD__Discolored__CAM3-20250304 181100460.bmp,1
/home/jovyan/shared/pdt/dataset_public/test/bad/50CTS3RD__Dirty__CAM1-20250304 181200289.bmp,1
/home/jovyan/shared/pdt/dataset_public/test/good/1DOLLAR3RD__good__CAM3-20250304 171207388.bmp,0
/home/jovyan/shared/pdt/dataset_public/test/good/5CTS3RD__good__CAM1-20250312 103145505.bmp,0
/home/jovyan/shared/pdt/dataset_public/test/good/1DOLLAR3RD__good__CAM1-20250312 170320005.bmp,0
/home/jovyan/shared/pdt/dataset_public/test/bad/1DOLLAR3RD__Dirty__CAM4-20250303 174113908.bmp,1
/home/jovyan/shared/pdt/dataset_public/test/bad/5CTS3RD__Dirty__CAM3-20250305 160157644.bmp,1
/home/jovyan/shared/pdt/dataset_public/test/bad/50CTS3RD__Discolored__CAM4-20250304 181355515.bmp,1
/home/jovyan/shared/pdt/dataset_public/test/good/5CTS3RD__good__CAM2-20250312 103039474.bmp,0
/home/jovyan/shared/pdt/dataset_public/test/good/50CTS3RD__good__CAM2-20250313 160927027.bmp,0
/home/jovyan/shared/pdt/dataset_public/test/bad/1DOLLAR3RD__Damaged__CAM2-20250303 174256721.bmp,1
/home/jovyan/shared/pdt/dataset_public/test/good/1DOLLAR3RD__good__CAM2-20250312 161543506.bmp,0
/home/jovyan/shared/pdt/dataset_public/test/good/5CTS3RD__good__CAM3-20250312 103042681.bmp,0
/home/jovyan/shared/pdt/dataset_public/test/good/5CTS3RD__good__CAM3-20250312 103047328.bmp,0
/home/jovyan/shared/pdt/dataset_public/test/bad/5CTS3RD__Damaged__CAM2-20250305 161247639.bmp,1
/home/jovyan/shared/pdt/dataset_public/test/good/5CTS3RD__good__CAM1-20250312 103053697.bmp,0
/home/jovyan/shared/pdt/dataset_public/test/good/5CTS3RD__good__CAM2-20250312 103054374.bmp,0
/home/jovyan/shared/pdt/dataset_public/test/good/5CTS3RD__good__CAM2-20250305 155417638.bmp,0
/home/jovyan/shared/pdt/dataset_public/test/good/50CTS3RD__good__CAM4-20250304 180909159.bmp,0
/home/jovyan/shared/pdt/dataset_public/test/good/5CTS3RD__good__CAM4-20250312 103107348.bmp,0
/home/jovyan/shared/pdt/dataset_public/test/good/50CTS3RD__good__CAM1-20250313 160948509.bmp,0
/home/jovyan/shared/pdt/dataset_public/test/good/1DOLLAR3RD__good__CAM2-20250312 161533389.bmp,0
/home/jovyan/shared/pdt/dataset_public/test/good/1DOLLAR3RD__good__CAM3-20250304 171217391.bmp,0
/home/jovyan/shared/pdt/dataset_public/test/good/1DOLLAR3RD__good__CAM1-20250312 170158052.bmp,0
/home/jovyan/shared/pdt/dataset_public/test/bad/50CTS3RD__Dirty__CAM1-20250304 181252802.bmp,1
/home/jovyan/shared/pdt/dataset_public/test/bad/1DOLLAR3RD__Dirty__CAM4-20250303 174511728.bmp,1
/home/jovyan/shared/pdt/dataset_public/test/good/1DOLLAR3RD__good__CAM2-20250312 161532828.bmp,0
/home/jovyan/shared/pdt/dataset_public/test/good/50CTS3RD__good__CAM1-20250304 180839082.bmp,0
/home/jovyan/shared/pdt/dataset_public/test/good/1DOLLAR3RD__good__CAM1-20250312 161402330.bmp,0
/home/jovyan/shared/pdt/dataset_public/test/good/50CTS3RD__good__CAM2-20250304 180904485.bmp,0
/home/jovyan/shared/pdt/dataset_public/test/good/5CTS3RD__good__CAM4-20250312 103051334.bmp,0
/home/jovyan/shared/pdt/dataset_public/test/good/1DOLLAR3RD__good__CAM3-20250312 161438284.bmp,0
/home/jovyan/shared/pdt/dataset_public/test/good/1DOLLAR3RD__good__CAM4-20250312 170301489.bmp,0
/home/jovyan/shared/pdt/dataset_public/test/good/1DOLLAR3RD__good__CAM2-20250312 170200020.bmp,0
/home/jovyan/shared/pdt/dataset_public/test/bad/50CTS3RD__Dirty__CAM4-20250304 181106089.bmp,1
/home/jovyan/shared/pdt/dataset_public/test/good/1DOLLAR3RD__good__CAM2-20250304 171243997.bmp,0
/home/jovyan/shared/pdt/dataset_public/test/bad/1DOLLAR3RD__Discolored__CAM3-20250303 174249388.bmp,1
/home/jovyan/shared/pdt/dataset_public/test/good/5CTS3RD__good__CAM4-20250305 155416832.bmp,0
/home/jovyan/shared/pdt/dataset_public/test/good/50CTS3RD__good__CAM3-20250313 160924156.bmp,0
/home/jovyan/shared/pdt/dataset_public/test/good/5CTS3RD__good__CAM1-20250312 103058786.bmp,0
/home/jovyan/shared/pdt/dataset_public/test/good/5CTS3RD__good__CAM4-20250312 103028582.bmp,0
/home/jovyan/shared/pdt/dataset_public/test/good/1DOLLAR3RD__good__CAM1-20250312 161535329.bmp,0
/home/jovyan/shared/pdt/dataset_public/test/bad/5CTS3RD__Dirty__CAM4-20250305 161231763.bmp,1
/home/jovyan/shared/pdt/dataset_public/test/good/50CTS3RD__good__CAM2-20250304 180837557.bmp,0
/home/jovyan/shared/pdt/dataset_public/test/good/50CTS3RD__good__CAM4-20250313 161004145.bmp,0
/home/jovyan/shared/pdt/dataset_public/test/good/5CTS3RD__good__CAM2-20250312 103048058.bmp,0
/home/jovyan/shared/pdt/dataset_public/test/bad/50CTS3RD__Oxidation__CAM4-20250304 181359213.bmp,1
/home/jovyan/shared/pdt/dataset_public/test/good/5CTS3RD__good__CAM4-20250312 103026959.bmp,0
/home/jovyan/shared/pdt/dataset_public/test/good/5CTS3RD__good__CAM2-20250305 155448847.bmp,0
/home/jovyan/shared/pdt/dataset_public/test/good/1DOLLAR3RD__good__CAM4-20250312 170321160.bmp,0
/home/jovyan/shared/pdt/dataset_public/test/bad/5CTS3RD__Dirty__CAM3-20250305 160149242.bmp,1
/home/jovyan/shared/pdt/dataset_public/test/good/1DOLLAR3RD__good__CAM2-20250312 161549915.bmp,0
/home/jovyan/shared/pdt/dataset_public/test/good/5CTS3RD__good__CAM2-20250305 155415306.bmp,0
/home/jovyan/shared/pdt/dataset_public/test/good/1DOLLAR3RD__good__CAM1-20250312 161456405.bmp,0
/home/jovyan/shared/pdt/dataset_public/test/good/1DOLLAR3RD__good__CAM4-20250312 170310390.bmp,0
/home/jovyan/shared/pdt/dataset_public/test/bad/50CTS3RD__Damaged__CAM3-20250304 181354812.bmp,1
/home/jovyan/shared/pdt/dataset_public/test/good/1DOLLAR3RD__good__CAM3-20250312 161437624.bmp,0
/home/jovyan/shared/pdt/dataset_public/test/good/1DOLLAR3RD__good__CAM4-20250312 170316123.bmp,0
/home/jovyan/shared/pdt/dataset_public/test/bad/1DOLLAR3RD__Discolored__CAM4-20250303 174403806.bmp,1
/home/jovyan/shared/pdt/dataset_public/test/good/5CTS3RD__good__CAM3-20250312 103050160.bmp,0
/home/jovyan/shared/pdt/dataset_public/test/good/5CTS3RD__good__CAM4-20250312 103040772.bmp,0
/home/jovyan/shared/pdt/dataset_public/test/bad/1DOLLAR3RD__Discolored__CAM4-20250303 174135789.bmp,1
/home/jovyan/shared/pdt/dataset_public/test/good/50CTS3RD__good__CAM1-20250313 160942274.bmp,0
/home/jovyan/shared/pdt/dataset_public/test/bad/5CTS3RD__Dirty__CAM3-20250305 161132330.bmp,1
/home/jovyan/shared/pdt/dataset_public/test/bad/50CTS3RD__Discolored__CAM2-20250304 181245861.bmp,1
/home/jovyan/shared/pdt/dataset_public/test/bad/1DOLLAR3RD__Discolored__CAM3-20250303 173928677.bmp,1
/home/jovyan/shared/pdt/dataset_public/test/good/5CTS3RD__good__CAM1-20250312 103041508.bmp,0
/home/jovyan/shared/pdt/dataset_public/test/good/1DOLLAR3RD__good__CAM2-20250312 170202280.bmp,0
/home/jovyan/shared/pdt/dataset_public/test/bad/1DOLLAR3RD__Discolored__CAM2-20250303 174257393.bmp,1
/home/jovyan/shared/pdt/dataset_public/test/good/5CTS3RD__good__CAM3-20250312 103043794.bmp,0
/home/jovyan/shared/pdt/dataset_public/test/bad/50CTS3RD__Discolored__CAM4-20250304 181401842.bmp,1
/home/jovyan/shared/pdt/dataset_public/test/good/1DOLLAR3RD__good__CAM2-20250312 161449728.bmp,0
/home/jovyan/shared/pdt/dataset_public/test/good/5CTS3RD__good__CAM2-20250312 103052863.bmp,0
/home/jovyan/shared/pdt/dataset_public/test/good/1DOLLAR3RD__good__CAM2-20250312 170309382.bmp,0
/home/jovyan/shared/pdt/dataset_public/test/bad/5CTS3RD__Oxidation__CAM1-20250305 161157166.bmp,1
/home/jovyan/shared/pdt/dataset_public/test/good/50CTS3RD__good__CAM3-20250313 160949217.bmp,0
/home/jovyan/shared/pdt/dataset_public/test/bad/50CTS3RD__Discolored__CAM2-20250304 181347531.bmp,1
/home/jovyan/shared/pdt/dataset_public/test/good/1DOLLAR3RD__good__CAM3-20250304 171225956.bmp,0
/home/jovyan/shared/pdt/dataset_public/test/good/50CTS3RD__good__CAM1-20250304 180841172.bmp,0
/home/jovyan/shared/pdt/dataset_public/test/bad/50CTS3RD__Dirty__CAM4-20250304 181101103.bmp,1
/home/jovyan/shared/pdt/dataset_public/test/good/50CTS3RD__good__CAM3-20250313 160949760.bmp,0
/home/jovyan/shared/pdt/dataset_public/test/good/1DOLLAR3RD__good__CAM4-20250312 161536095.bmp,0
/home/jovyan/shared/pdt/dataset_public/test/good/5CTS3RD__good__CAM3-20250312 103058840.bmp,0
/home/jovyan/shared/pdt/dataset_public/test/good/1DOLLAR3RD__good__CAM4-20250304 171223839.bmp,0
/home/jovyan/shared/pdt/dataset_public/test/good/5CTS3RD__good__CAM4-20250305 155447365.bmp,0
/home/jovyan/shared/pdt/dataset_public/test/good/1DOLLAR3RD__good__CAM2-20250312 161522211.bmp,0
/home/jovyan/shared/pdt/dataset_public/test/good/1DOLLAR3RD__good__CAM3-20250304 171219380.bmp,0
/home/jovyan/shared/pdt/dataset_public/test/good/50CTS3RD__good__CAM3-20250313 161003326.bmp,0
/home/jovyan/shared/pdt/dataset_public/test/good/5CTS3RD__good__CAM1-20250312 103036206.bmp,0
/home/jovyan/shared/pdt/dataset_public/test/bad/50CTS3RD__Dirty__CAM2-20250304 181107500.bmp,1
/home/jovyan/shared/pdt/dataset_public/test/bad/1DOLLAR3RD__Dirty__CAM4-20250303 173935989.bmp,1
/home/jovyan/shared/pdt/dataset_public/test/bad/50CTS3RD__Discolored__CAM1-20250304 181252062.bmp,1
/home/jovyan/shared/pdt/dataset_public/test/good/5CTS3RD__good__CAM2-20250312 103054552.bmp,0
/home/jovyan/shared/pdt/dataset_public/test/good/1DOLLAR3RD__good__CAM4-20250304 171208593.bmp,0
/home/jovyan/shared/pdt/dataset_public/test/bad/50CTS3RD__Discolored__CAM4-20250304 181255140.bmp,1
/home/jovyan/shared/pdt/dataset_public/test/bad/50CTS3RD__Discolored__CAM3-20250304 181354088.bmp,1
/home/jovyan/shared/pdt/dataset_public/test/good/5CTS3RD__good__CAM1-20250312 103044788.bmp,0
/home/jovyan/shared/pdt/dataset_public/test/good/5CTS3RD__good__CAM4-20250312 103049113.bmp,0
/home/jovyan/shared/pdt/dataset_public/test/good/5CTS3RD__good__CAM4-20250305 155444668.bmp,0
/home/jovyan/shared/pdt/dataset_public/test/good/5CTS3RD__good__CAM4-20250312 103102466.bmp,0
/home/jovyan/shared/pdt/dataset_public/test/good/1DOLLAR3RD__good__CAM3-20250304 171212983.bmp,0
/home/jovyan/shared/pdt/dataset_public/test/bad/5CTS3RD__Damaged__CAM3-20250305 161133083.bmp,1
/home/jovyan/shared/pdt/dataset_public/test/bad/1DOLLAR3RD__Damaged__CAM4-20250303 174353019.bmp,1
/home/jovyan/shared/pdt/dataset_public/test/bad/50CTS3RD__Dirty__CAM4-20250304 181100590.bmp,1
/home/jovyan/shared/pdt/dataset_public/test/good/5CTS3RD__good__CAM3-20250305 155344147.bmp,0
/home/jovyan/shared/pdt/dataset_public/test/good/1DOLLAR3RD__good__CAM2-20250304 171236939.bmp,0
/home/jovyan/shared/pdt/dataset_public/test/good/5CTS3RD__good__CAM1-20250305 155425158.bmp,0
/home/jovyan/shared/pdt/dataset_public/test/good/5CTS3RD__good__CAM3-20250305 155414092.bmp,0
/home/jovyan/shared/pdt/dataset_public/test/good/50CTS3RD__good__CAM4-20250313 161004069.bmp,0
/home/jovyan/shared/pdt/dataset_public/test/good/1DOLLAR3RD__good__CAM1-20250312 161450790.bmp,0
/home/jovyan/shared/pdt/dataset_public/test/good/5CTS3RD__good__CAM1-20250305 155400855.bmp,0
/home/jovyan/shared/pdt/dataset_public/test/good/5CTS3RD__good__CAM2-20250312 103021974.bmp,0
/home/jovyan/shared/pdt/dataset_public/test/good/50CTS3RD__good__CAM1-20250304 180836508.bmp,0
/home/jovyan/shared/pdt/dataset_public/test/bad/50CTS3RD__Discolored__CAM4-20250304 181201151.bmp,1
/home/jovyan/shared/pdt/dataset_public/test/good/1DOLLAR3RD__good__CAM2-20250312 170158278.bmp,0
/home/jovyan/shared/pdt/dataset_public/test/bad/5CTS3RD__Dirty__CAM4-20250305 161629174.bmp,1
/home/jovyan/shared/pdt/dataset_public/test/good/50CTS3RD__good__CAM3-20250313 160957396.bmp,0
/home/jovyan/shared/pdt/dataset_public/test/bad/1DOLLAR3RD__Dirty__CAM4-20250303 174134843.bmp,1
/home/jovyan/shared/pdt/dataset_public/test/good/50CTS3RD__good__CAM2-20250304 180840075.bmp,0
/home/jovyan/shared/pdt/dataset_public/test/good/1DOLLAR3RD__good__CAM3-20250312 161405123.bmp,0
/home/jovyan/shared/pdt/dataset_public/test/bad/50CTS3RD__Discolored__CAM1-20250304 181252464.bmp,1
/home/jovyan/shared/pdt/dataset_public/test/bad/5CTS3RD__Discolored__CAM1-20250305 161640084.bmp,1
/home/jovyan/shared/pdt/dataset_public/test/bad/50CTS3RD__Damaged__CAM4-20250304 181352200.bmp,1
/home/jovyan/shared/pdt/dataset_public/test/bad/50CTS3RD__Dirty__CAM1-20250304 181106117.bmp,1
/home/jovyan/shared/pdt/dataset_public/test/bad/50CTS3RD__Dirty__CAM3-20250304 181159267.bmp,1
/home/jovyan/shared/pdt/dataset_public/test/bad/5CTS3RD__Dirty__CAM2-20250305 161622478.bmp,1
/home/jovyan/shared/pdt/dataset_public/test/good/1DOLLAR3RD__good__CAM4-20250312 161417093.bmp,0
/home/jovyan/shared/pdt/dataset_public/test/good/1DOLLAR3RD__good__CAM4-20250312 161534725.bmp,0
/home/jovyan/shared/pdt/dataset_public/test/good/50CTS3RD__good__CAM2-20250304 180835728.bmp,0
/home/jovyan/shared/pdt/dataset_public/test/bad/50CTS3RD__Discolored__CAM2-20250304 181158492.bmp,1
/home/jovyan/shared/pdt/dataset_public/test/bad/5CTS3RD__Discolored__CAM2-20250305 160208731.bmp,1
/home/jovyan/shared/pdt/dataset_public/test/good/1DOLLAR3RD__good__CAM4-20250304 171232775.bmp,0
/home/jovyan/shared/pdt/dataset_public/test/bad/5CTS3RD__Discolored__CAM3-20250305 160816952.bmp,1
/home/jovyan/shared/pdt/dataset_public/test/bad/50CTS3RD__Dirty__CAM3-20250304 181153131.bmp,1
/home/jovyan/shared/pdt/dataset_public/test/good/50CTS3RD__good__CAM1-20250313 160942439.bmp,0
/home/jovyan/shared/pdt/dataset_public/test/bad/1DOLLAR3RD__Dirty__CAM2-20250303 174122207.bmp,1
/home/jovyan/shared/pdt/dataset_public/test/good/1DOLLAR3RD__good__CAM3-20250312 170247827.bmp,0
/home/jovyan/shared/pdt/dataset_public/test/good/5CTS3RD__good__CAM4-20250312 103111288.bmp,0
/home/jovyan/shared/pdt/dataset_public/test/good/1DOLLAR3RD__good__CAM4-20250312 161554542.bmp,0
/home/jovyan/shared/pdt/dataset_public/test/bad/1DOLLAR3RD__Oxidation__CAM4-20250303 174121260.bmp,1
/home/jovyan/shared/pdt/dataset_public/test/good/5CTS3RD__good__CAM1-20250312 103145269.bmp,0
/home/jovyan/shared/pdt/dataset_public/test/bad/1DOLLAR3RD__Discolored__CAM3-20250303 174140032.bmp,1
/home/jovyan/shared/pdt/dataset_public/test/good/5CTS3RD__good__CAM1-20250305 155436887.bmp,0
/home/jovyan/shared/pdt/dataset_public/test/good/1DOLLAR3RD__good__CAM4-20250312 161406526.bmp,0
/home/jovyan/shared/pdt/dataset_public/test/bad/5CTS3RD__Dirty__CAM1-20250305 160206577.bmp,1
/home/jovyan/shared/pdt/dataset_public/test/bad/1DOLLAR3RD__Dirty__CAM2-20250303 174347684.bmp,1
/home/jovyan/shared/pdt/dataset_public/test/bad/5CTS3RD__Damaged__CAM3-20250305 161134592.bmp,1
/home/jovyan/shared/pdt/dataset_public/test/good/5CTS3RD__good__CAM2-20250305 155449514.bmp,0
/home/jovyan/shared/pdt/dataset_public/test/good/1DOLLAR3RD__good__CAM2-20250312 170259233.bmp,0
/home/jovyan/shared/pdt/dataset_public/test/bad/50CTS3RD__Dirty__CAM4-20250304 181152536.bmp,1
/home/jovyan/shared/pdt/dataset_public/test/good/5CTS3RD__good__CAM2-20250312 103025607.bmp,0
/home/jovyan/shared/pdt/dataset_public/test/good/1DOLLAR3RD__good__CAM2-20250312 161545073.bmp,0
/home/jovyan/shared/pdt/dataset_public/test/good/5CTS3RD__good__CAM3-20250312 103033877.bmp,0
/home/jovyan/shared/pdt/dataset_public/test/good/50CTS3RD__good__CAM3-20250304 180913149.bmp,0
/home/jovyan/shared/pdt/dataset_public/test/good/5CTS3RD__good__CAM2-20250312 103029207.bmp,0
/home/jovyan/shared/pdt/dataset_public/test/bad/1DOLLAR3RD__Discolored__CAM2-20250303 173926456.bmp,1
/home/jovyan/shared/pdt/dataset_public/test/bad/1DOLLAR3RD__Discolored__CAM2-20250303 174249336.bmp,1
/home/jovyan/shared/pdt/dataset_public/test/good/50CTS3RD__good__CAM2-20250304 180836745.bmp,0
/home/jovyan/shared/pdt/dataset_public/test/good/50CTS3RD__good__CAM4-20250313 160954296.bmp,0
/home/jovyan/shared/pdt/dataset_public/test/good/1DOLLAR3RD__good__CAM4-20250312 170209109.bmp,0
/home/jovyan/shared/pdt/dataset_public/test/bad/50CTS3RD__Oxidation__CAM2-20250304 181101214.bmp,1
/home/jovyan/shared/pdt/dataset_public/test/good/1DOLLAR3RD__good__CAM2-20250312 170318474.bmp,0
/home/jovyan/shared/pdt/dataset_public/test/good/1DOLLAR3RD__good__CAM1-20250312 161533922.bmp,0
/home/jovyan/shared/pdt/dataset_public/test/good/50CTS3RD__good__CAM2-20250304 180849923.bmp,0
/home/jovyan/shared/pdt/dataset_public/test/good/1DOLLAR3RD__good__CAM2-20250312 170320991.bmp,0
/home/jovyan/shared/pdt/dataset_public/test/good/50CTS3RD__good__CAM1-20250313 160950555.bmp,0
/home/jovyan/shared/pdt/dataset_public/test/good/5CTS3RD__good__CAM4-20250312 103026623.bmp,0
/home/jovyan/shared/pdt/dataset_public/test/good/1DOLLAR3RD__good__CAM3-20250304 171234519.bmp,0
/home/jovyan/shared/pdt/dataset_public/test/bad/5CTS3RD__Dirty__CAM3-20250305 161633388.bmp,1
/home/jovyan/shared/pdt/dataset_public/test/good/50CTS3RD__good__CAM4-20250313 160938347.bmp,0
/home/jovyan/shared/pdt/dataset_public/test/good/5CTS3RD__good__CAM2-20250312 103145525.bmp,0
/home/jovyan/shared/pdt/dataset_public/test/bad/1DOLLAR3RD__Discolored__CAM3-20250303 174114069.bmp,1
/home/jovyan/shared/pdt/dataset_public/test/bad/50CTS3RD__Oxidation__CAM4-20250304 181159080.bmp,1
/home/jovyan/shared/pdt/dataset_public/test/bad/50CTS3RD__Dirty__CAM4-20250304 181108705.bmp,1
/home/jovyan/shared/pdt/dataset_public/test/good/5CTS3RD__good__CAM4-20250312 103048801.bmp,0
/home/jovyan/shared/pdt/dataset_public/test/good/5CTS3RD__good__CAM4-20250312 103149353.bmp,0
/home/jovyan/shared/pdt/dataset_public/test/bad/5CTS3RD__Discolored__CAM3-20250305 161238423.bmp,1
/home/jovyan/shared/pdt/dataset_public/test/good/5CTS3RD__good__CAM3-20250305 155439866.bmp,0
/home/jovyan/shared/pdt/dataset_public/test/good/1DOLLAR3RD__good__CAM4-20250312 170307577.bmp,0
/home/jovyan/shared/pdt/dataset_public/test/bad/1DOLLAR3RD__Oxidation__CAM2-20250303 174111459.bmp,1
/home/jovyan/shared/pdt/dataset_public/test/good/50CTS3RD__good__CAM1-20250304 180856578.bmp,0
/home/jovyan/shared/pdt/dataset_public/test/good/50CTS3RD__good__CAM4-20250313 160941766.bmp,0
/home/jovyan/shared/pdt/dataset_public/test/bad/1DOLLAR3RD__Discolored__CAM4-20250303 174259628.bmp,1
/home/jovyan/shared/pdt/dataset_public/test/bad/50CTS3RD__Dirty__CAM4-20250304 181158978.bmp,1
/home/jovyan/shared/pdt/dataset_public/test/good/1DOLLAR3RD__good__CAM2-20250312 170229254.bmp,0
/home/jovyan/shared/pdt/dataset_public/test/good/50CTS3RD__good__CAM1-20250304 180847258.bmp,0
/home/jovyan/shared/pdt/dataset_public/test/bad/50CTS3RD__Dirty__CAM4-20250304 181112088.bmp,1
/home/jovyan/shared/pdt/dataset_public/test/bad/1DOLLAR3RD__Dirty__CAM3-20250303 174134376.bmp,1
/home/jovyan/shared/pdt/dataset_public/test/bad/1DOLLAR3RD__Discolored__CAM3-20250303 174511944.bmp,1
/home/jovyan/shared/pdt/dataset_public/test/good/5CTS3RD__good__CAM4-20250312 103028037.bmp,0
/home/jovyan/shared/pdt/dataset_public/test/good/5CTS3RD__good__CAM4-20250312 103042647.bmp,0
/home/jovyan/shared/pdt/dataset_public/test/bad/50CTS3RD__Oxidation__CAM3-20250304 181258920.bmp,1
/home/jovyan/shared/pdt/dataset_public/test/good/5CTS3RD__good__CAM3-20250312 103041784.bmp,0
/home/jovyan/shared/pdt/dataset_public/test/bad/50CTS3RD__Dirty__CAM4-20250304 181359361.bmp,1
/home/jovyan/shared/pdt/dataset_public/test/good/5CTS3RD__good__CAM3-20250305 155353496.bmp,0
/home/jovyan/shared/pdt/dataset_public/test/bad/5CTS3RD__Dirty__CAM4-20250305 161624707.bmp,1
/home/jovyan/shared/pdt/dataset_public/test/good/5CTS3RD__good__CAM4-20250312 103026758.bmp,0
/home/jovyan/shared/pdt/dataset_public/test/good/50CTS3RD__good__CAM3-20250304 180901415.bmp,0
/home/jovyan/shared/pdt/dataset_public/test/bad/1DOLLAR3RD__Damaged__CAM4-20250303 174512150.bmp,1
/home/jovyan/shared/pdt/dataset_public/test/bad/50CTS3RD__Dirty__CAM4-20250304 181152339.bmp,1
/home/jovyan/shared/pdt/dataset_public/test/good/5CTS3RD__good__CAM4-20250312 103106135.bmp,0
/home/jovyan/shared/pdt/dataset_public/test/bad/1DOLLAR3RD__Discolored__CAM4-20250303 174134390.bmp,1
/home/jovyan/shared/pdt/dataset_public/test/good/1DOLLAR3RD__good__CAM3-20250304 171159562.bmp,0
/home/jovyan/shared/pdt/dataset_public/test/good/5CTS3RD__good__CAM1-20250305 155353407.bmp,0
/home/jovyan/shared/pdt/dataset_public/test/good/5CTS3RD__good__CAM4-20250305 155419640.bmp,0
/home/jovyan/shared/pdt/dataset_public/test/good/50CTS3RD__good__CAM1-20250304 180848857.bmp,0
/home/jovyan/shared/pdt/dataset_public/test/good/1DOLLAR3RD__good__CAM3-20250312 161404470.bmp,0
/home/jovyan/shared/pdt/dataset_public/test/good/50CTS3RD__good__CAM3-20250313 160946624.bmp,0
/home/jovyan/shared/pdt/dataset_public/test/good/5CTS3RD__good__CAM4-20250305 155445694.bmp,0
/home/jovyan/shared/pdt/dataset_public/test/bad/5CTS3RD__Dirty__CAM3-20250305 161136756.bmp,1
/home/jovyan/shared/pdt/dataset_public/test/good/1DOLLAR3RD__good__CAM3-20250312 170231989.bmp,0
/home/jovyan/shared/pdt/dataset_public/test/good/50CTS3RD__good__CAM4-20250313 160954395.bmp,0
/home/jovyan/shared/pdt/dataset_public/test/good/1DOLLAR3RD__good__CAM1-20250312 161534256.bmp,0
/home/jovyan/shared/pdt/dataset_public/test/good/50CTS3RD__good__CAM4-20250313 160928352.bmp,0
/home/jovyan/shared/pdt/dataset_public/test/good/1DOLLAR3RD__good__CAM3-20250304 171207121.bmp,0
/home/jovyan/shared/pdt/dataset_public/test/good/50CTS3RD__good__CAM1-20250304 180901589.bmp,0
/home/jovyan/shared/pdt/dataset_public/test/good/50CTS3RD__good__CAM3-20250313 160947420.bmp,0
/home/jovyan/shared/pdt/dataset_public/test/good/5CTS3RD__good__CAM4-20250312 103047605.bmp,0
/home/jovyan/shared/pdt/dataset_public/test/good/50CTS3RD__good__CAM1-20250313 160929876.bmp,0
/home/jovyan/shared/pdt/dataset_public/test/good/1DOLLAR3RD__good__CAM2-20250312 170204495.bmp,0
/home/jovyan/shared/pdt/dataset_public/test/bad/50CTS3RD__Discolored__CAM4-20250304 181250446.bmp,1
/home/jovyan/shared/pdt/dataset_public/test/good/5CTS3RD__good__CAM4-20250312 103045545.bmp,0
/home/jovyan/shared/pdt/dataset_public/test/bad/50CTS3RD__Dirty__CAM4-20250304 181107256.bmp,1
/home/jovyan/shared/pdt/dataset_public/test/bad/50CTS3RD__Damaged__CAM4-20250304 181351740.bmp,1
/home/jovyan/shared/pdt/dataset_public/test/bad/5CTS3RD__Discolored__CAM1-20250305 161227955.bmp,1
/home/jovyan/shared/pdt/dataset_public/test/good/50CTS3RD__good__CAM1-20250304 180845262.bmp,0
/home/jovyan/shared/pdt/dataset_public/test/good/1DOLLAR3RD__good__CAM1-20250312 170312439.bmp,0
/home/jovyan/shared/pdt/dataset_public/test/good/5CTS3RD__good__CAM3-20250305 155436374.bmp,0
/home/jovyan/shared/pdt/dataset_public/test/good/5CTS3RD__good__CAM3-20250312 103058685.bmp,0
/home/jovyan/shared/pdt/dataset_public/test/good/1DOLLAR3RD__good__CAM3-20250304 171230831.bmp,0
/home/jovyan/shared/pdt/dataset_public/test/good/1DOLLAR3RD__good__CAM2-20250312 170243919.bmp,0
/home/jovyan/shared/pdt/dataset_public/test/bad/5CTS3RD__Dirty__CAM1-20250305 160809966.bmp,1
/home/jovyan/shared/pdt/dataset_public/test/good/1DOLLAR3RD__good__CAM2-20250312 170244809.bmp,0
/home/jovyan/shared/pdt/dataset_public/test/good/50CTS3RD__good__CAM2-20250313 160938464.bmp,0
/home/jovyan/shared/pdt/dataset_public/test/good/5CTS3RD__good__CAM2-20250312 103028206.bmp,0
/home/jovyan/shared/pdt/dataset_public/test/good/5CTS3RD__good__CAM4-20250312 103045989.bmp,0
/home/jovyan/shared/pdt/dataset_public/test/good/5CTS3RD__good__CAM4-20250312 103156804.bmp,0
/home/jovyan/shared/pdt/dataset_public/test/good/5CTS3RD__good__CAM3-20250312 103052716.bmp,0
/home/jovyan/shared/pdt/dataset_public/test/good/50CTS3RD__good__CAM1-20250304 180841626.bmp,0
/home/jovyan/shared/pdt/dataset_public/test/good/5CTS3RD__good__CAM1-20250312 103052677.bmp,0
/home/jovyan/shared/pdt/dataset_public/test/good/5CTS3RD__good__CAM3-20250305 155410856.bmp,0
/home/jovyan/shared/pdt/dataset_public/test/good/50CTS3RD__good__CAM3-20250313 160947618.bmp,0
/home/jovyan/shared/pdt/dataset_public/test/good/5CTS3RD__good__CAM1-20250305 155416960.bmp,0
/home/jovyan/shared/pdt/dataset_public/test/good/5CTS3RD__good__CAM1-20250305 155351079.bmp,0
/home/jovyan/shared/pdt/dataset_public/test/good/50CTS3RD__good__CAM1-20250313 160926685.bmp,0
/home/jovyan/shared/pdt/dataset_public/test/bad/5CTS3RD__Damaged__CAM1-20250305 160746013.bmp,1
/home/jovyan/shared/pdt/dataset_public/test/good/5CTS3RD__good__CAM4-20250312 103027317.bmp,0
/home/jovyan/shared/pdt/dataset_public/test/bad/50CTS3RD__Oxidation__CAM2-20250304 181102351.bmp,1
/home/jovyan/shared/pdt/dataset_public/test/bad/5CTS3RD__Damaged__CAM1-20250305 161151336.bmp,1
/home/jovyan/shared/pdt/dataset_public/test/good/50CTS3RD__good__CAM4-20250313 161003995.bmp,0
/home/jovyan/shared/pdt/dataset_public/test/good/1DOLLAR3RD__good__CAM1-20250312 161429737.bmp,0
/home/jovyan/shared/pdt/dataset_public/test/bad/50CTS3RD__Discolored__CAM3-20250304 181356638.bmp,1
/home/jovyan/shared/pdt/dataset_public/test/good/1DOLLAR3RD__good__CAM1-20250312 170159615.bmp,0
/home/jovyan/shared/pdt/dataset_public/test/bad/1DOLLAR3RD__Dirty__CAM3-20250303 174131544.bmp,1
/home/jovyan/shared/pdt/dataset_public/test/good/5CTS3RD__good__CAM4-20250312 103058490.bmp,0
/home/jovyan/shared/pdt/dataset_public/test/good/1DOLLAR3RD__good__CAM3-20250312 161556037.bmp,0
/home/jovyan/shared/pdt/dataset_public/test/good/5CTS3RD__good__CAM2-20250312 103042014.bmp,0
/home/jovyan/shared/pdt/dataset_public/test/bad/5CTS3RD__Dirty__CAM1-20250305 160812282.bmp,1
/home/jovyan/shared/pdt/dataset_public/test/good/5CTS3RD__good__CAM4-20250312 103100287.bmp,0
/home/jovyan/shared/pdt/dataset_public/test/good/1DOLLAR3RD__good__CAM3-20250304 171214233.bmp,0
/home/jovyan/shared/pdt/dataset_public/test/good/50CTS3RD__good__CAM4-20250304 180844611.bmp,0
/home/jovyan/shared/pdt/dataset_public/test/good/5CTS3RD__good__CAM2-20250312 103051563.bmp,0
/home/jovyan/shared/pdt/dataset_public/test/good/1DOLLAR3RD__good__CAM3-20250304 171216327.bmp,0
/home/jovyan/shared/pdt/dataset_public/test/bad/50CTS3RD__Discolored__CAM2-20250304 181251253.bmp,1
/home/jovyan/shared/pdt/dataset_public/test/good/5CTS3RD__good__CAM2-20250305 155341198.bmp,0
/home/jovyan/shared/pdt/dataset_public/test/bad/50CTS3RD__Discolored__CAM3-20250304 181302086.bmp,1
/home/jovyan/shared/pdt/dataset_public/test/good/5CTS3RD__good__CAM2-20250312 103029708.bmp,0
/home/jovyan/shared/pdt/dataset_public/test/good/50CTS3RD__good__CAM3-20250313 161003177.bmp,0
/home/jovyan/shared/pdt/dataset_public/test/bad/5CTS3RD__Dirty__CAM2-20250305 160201708.bmp,1
/home/jovyan/shared/pdt/dataset_public/test/good/5CTS3RD__good__CAM4-20250312 103033613.bmp,0
/home/jovyan/shared/pdt/dataset_public/test/good/50CTS3RD__good__CAM3-20250313 160925530.bmp,0
/home/jovyan/shared/pdt/dataset_public/test/good/50CTS3RD__good__CAM3-20250313 160933912.bmp,0
/home/jovyan/shared/pdt/dataset_public/test/bad/50CTS3RD__Dirty__CAM4-20250304 181106419.bmp,1
/home/jovyan/shared/pdt/dataset_public/test/good/1DOLLAR3RD__good__CAM4-20250304 171227976.bmp,0
/home/jovyan/shared/pdt/dataset_public/test/good/50CTS3RD__good__CAM3-20250313 160957198.bmp,0
/home/jovyan/shared/pdt/dataset_public/test/bad/1DOLLAR3RD__Discolored__CAM2-20250303 174125265.bmp,1
/home/jovyan/shared/pdt/dataset_public/test/good/50CTS3RD__good__CAM1-20250304 180856363.bmp,0
/home/jovyan/shared/pdt/dataset_public/test/bad/50CTS3RD__Dirty__CAM2-20250304 181147255.bmp,1
/home/jovyan/shared/pdt/dataset_public/test/good/5CTS3RD__good__CAM2-20250312 103024041.bmp,0
/home/jovyan/shared/pdt/dataset_public/test/good/5CTS3RD__good__CAM3-20250312 103106943.bmp,0
/home/jovyan/shared/pdt/dataset_public/test/good/5CTS3RD__good__CAM4-20250312 103030643.bmp,0
/home/jovyan/shared/pdt/dataset_public/test/good/5CTS3RD__good__CAM1-20250312 103102809.bmp,0
/home/jovyan/shared/pdt/dataset_public/test/good/50CTS3RD__good__CAM2-20250313 160926758.bmp,0
/home/jovyan/shared/pdt/dataset_public/test/good/1DOLLAR3RD__good__CAM3-20250304 171404714.bmp,0
/home/jovyan/shared/pdt/dataset_public/test/good/1DOLLAR3RD__good__CAM4-20250304 171232474.bmp,0
/home/jovyan/shared/pdt/dataset_public/test/good/1DOLLAR3RD__good__CAM3-20250304 171423517.bmp,0
/home/jovyan/shared/pdt/dataset_public/test/bad/1DOLLAR3RD__Discolored__CAM2-20250303 174257649.bmp,1
/home/jovyan/shared/pdt/dataset_public/test/bad/1DOLLAR3RD__Dirty__CAM2-20250303 174508595.bmp,1
/home/jovyan/shared/pdt/dataset_public/test/good/50CTS3RD__good__CAM4-20250313 160930543.bmp,0
/home/jovyan/shared/pdt/dataset_public/test/good/1DOLLAR3RD__good__CAM3-20250312 170325473.bmp,0
/home/jovyan/shared/pdt/dataset_public/test/good/5CTS3RD__good__CAM4-20250312 103032461.bmp,0
/home/jovyan/shared/pdt/dataset_public/test/good/5CTS3RD__good__CAM3-20250312 103107994.bmp,0
/home/jovyan/shared/pdt/dataset_public/test/good/1DOLLAR3RD__good__CAM2-20250304 171246836.bmp,0
/home/jovyan/shared/pdt/dataset_public/test/good/1DOLLAR3RD__good__CAM4-20250312 161454561.bmp,0
/home/jovyan/shared/pdt/dataset_public/test/bad/50CTS3RD__Dirty__CAM2-20250304 181100406.bmp,1
/home/jovyan/shared/pdt/dataset_public/test/good/5CTS3RD__good__CAM1-20250312 103037329.bmp,0
/home/jovyan/shared/pdt/dataset_public/test/good/1DOLLAR3RD__good__CAM3-20250304 171236874.bmp,0
/home/jovyan/shared/pdt/dataset_public/test/bad/50CTS3RD__Discolored__CAM2-20250304 181250882.bmp,1
/home/jovyan/shared/pdt/dataset_public/test/good/1DOLLAR3RD__good__CAM2-20250312 170317027.bmp,0
/home/jovyan/shared/pdt/dataset_public/test/good/5CTS3RD__good__CAM2-20250312 103049319.bmp,0
/home/jovyan/shared/pdt/dataset_public/test/good/5CTS3RD__good__CAM1-20250305 155415656.bmp,0
/home/jovyan/shared/pdt/dataset_public/test/good/1DOLLAR3RD__good__CAM3-20250312 161521057.bmp,0
/home/jovyan/shared/pdt/dataset_public/test/good/50CTS3RD__good__CAM4-20250304 180851855.bmp,0
/home/jovyan/shared/pdt/dataset_public/test/good/5CTS3RD__good__CAM2-20250305 155436633.bmp,0
/home/jovyan/shared/pdt/dataset_public/test/good/5CTS3RD__good__CAM2-20250312 103023043.bmp,0
/home/jovyan/shared/pdt/dataset_public/test/good/1DOLLAR3RD__good__CAM2-20250312 170211983.bmp,0
/home/jovyan/shared/pdt/dataset_public/test/bad/1DOLLAR3RD__Discolored__CAM2-20250303 174115515.bmp,1
/home/jovyan/shared/pdt/dataset_public/test/good/5CTS3RD__good__CAM3-20250312 103045803.bmp,0
/home/jovyan/shared/pdt/dataset_public/test/good/1DOLLAR3RD__good__CAM3-20250304 171214405.bmp,0
/home/jovyan/shared/pdt/dataset_public/test/bad/5CTS3RD__Dirty__CAM3-20250305 161619775.bmp,1
/home/jovyan/shared/pdt/dataset_public/test/bad/1DOLLAR3RD__Dirty__CAM4-20250303 174125158.bmp,1
/home/jovyan/shared/pdt/dataset_public/test/good/50CTS3RD__good__CAM3-20250313 160943948.bmp,0
/home/jovyan/shared/pdt/dataset_public/test/good/50CTS3RD__good__CAM1-20250304 180900196.bmp,0
/home/jovyan/shared/pdt/dataset_public/test/bad/1DOLLAR3RD__Dirty__CAM4-20250303 174254759.bmp,1
/home/jovyan/shared/pdt/dataset_public/test/bad/1DOLLAR3RD__Discolored__CAM2-20250303 174129234.bmp,1
/home/jovyan/shared/pdt/dataset_public/test/good/1DOLLAR3RD__good__CAM3-20250304 171242258.bmp,0
/home/jovyan/shared/pdt/dataset_public/test/good/50CTS3RD__good__CAM3-20250313 160957982.bmp,0
/home/jovyan/shared/pdt/dataset_public/test/good/50CTS3RD__good__CAM4-20250304 180853097.bmp,0
/home/jovyan/shared/pdt/dataset_public/test/bad/1DOLLAR3RD__Dirty__CAM4-20250303 174300922.bmp,1
/home/jovyan/shared/pdt/dataset_public/test/bad/1DOLLAR3RD__Damaged__CAM4-20250303 173929623.bmp,1
/home/jovyan/shared/pdt/dataset_public/test/good/5CTS3RD__good__CAM3-20250305 155351912.bmp,0
/home/jovyan/shared/pdt/dataset_public/test/good/5CTS3RD__good__CAM4-20250312 103051161.bmp,0
/home/jovyan/shared/pdt/dataset_public/test/good/1DOLLAR3RD__good__CAM3-20250304 171213073.bmp,0
/home/jovyan/shared/pdt/dataset_public/test/bad/5CTS3RD__Dirty__CAM2-20250305 160819195.bmp,1
/home/jovyan/shared/pdt/dataset_public/test/good/1DOLLAR3RD__good__CAM3-20250304 171434450.bmp,0
/home/jovyan/shared/pdt/dataset_public/test/good/5CTS3RD__good__CAM3-20250312 103024876.bmp,0
/home/jovyan/shared/pdt/dataset_public/test/good/1DOLLAR3RD__good__CAM3-20250304 171217593.bmp,0
/home/jovyan/shared/pdt/dataset_public/test/good/5CTS3RD__good__CAM1-20250305 155358932.bmp,0
/home/jovyan/shared/pdt/dataset_public/test/good/50CTS3RD__good__CAM4-20250313 160927393.bmp,0
/home/jovyan/shared/pdt/dataset_public/test/good/50CTS3RD__good__CAM3-20250313 161002929.bmp,0
/home/jovyan/shared/pdt/dataset_public/test/bad/50CTS3RD__Damaged__CAM1-20250304 181146899.bmp,1
/home/jovyan/shared/pdt/dataset_public/test/good/5CTS3RD__good__CAM2-20250312 103028546.bmp,0
/home/jovyan/shared/pdt/dataset_public/test/good/1DOLLAR3RD__good__CAM4-20250312 161554298.bmp,0
/home/jovyan/shared/pdt/dataset_public/test/good/1DOLLAR3RD__good__CAM3-20250312 170317968.bmp,0
/home/jovyan/shared/pdt/dataset_public/test/bad/1DOLLAR3RD__Dirty__CAM4-20250303 173928448.bmp,1
/home/jovyan/shared/pdt/dataset_public/test/good/50CTS3RD__good__CAM2-20250304 180900262.bmp,0
/home/jovyan/shared/pdt/dataset_public/test/good/50CTS3RD__good__CAM1-20250304 180846349.bmp,0
/home/jovyan/shared/pdt/dataset_public/test/bad/5CTS3RD__Dirty__CAM1-20250305 160812504.bmp,1
/home/jovyan/shared/pdt/dataset_public/test/good/1DOLLAR3RD__good__CAM1-20250312 161607102.bmp,0
/home/jovyan/shared/pdt/dataset_public/test/good/5CTS3RD__good__CAM4-20250312 103042550.bmp,0
/home/jovyan/shared/pdt/dataset_public/test/good/5CTS3RD__good__CAM3-20250305 155351559.bmp,0
/home/jovyan/shared/pdt/dataset_public/test/good/1DOLLAR3RD__good__CAM2-20250312 170157158.bmp,0
/home/jovyan/shared/pdt/dataset_public/test/good/5CTS3RD__good__CAM2-20250312 103039069.bmp,0
/home/jovyan/shared/pdt/dataset_public/test/good/5CTS3RD__good__CAM4-20250305 155409696.bmp,0
/home/jovyan/shared/pdt/dataset_public/test/good/5CTS3RD__good__CAM2-20250312 103104136.bmp,0
/home/jovyan/shared/pdt/dataset_public/test/good/5CTS3RD__good__CAM4-20250305 155429310.bmp,0
/home/jovyan/shared/pdt/dataset_public/test/good/1DOLLAR3RD__good__CAM4-20250312 161551759.bmp,0
/home/jovyan/shared/pdt/dataset_public/test/good/50CTS3RD__good__CAM3-20250313 160946548.bmp,0
/home/jovyan/shared/pdt/dataset_public/test/good/5CTS3RD__good__CAM2-20250312 103023155.bmp,0
/home/jovyan/shared/pdt/dataset_public/test/bad/50CTS3RD__Dirty__CAM2-20250304 181150357.bmp,1
/home/jovyan/shared/pdt/dataset_public/test/good/5CTS3RD__good__CAM4-20250305 155419782.bmp,0
/home/jovyan/shared/pdt/dataset_public/test/good/5CTS3RD__good__CAM1-20250305 155353462.bmp,0
/home/jovyan/shared/pdt/dataset_public/test/bad/1DOLLAR3RD__Dirty__CAM2-20250303 174136427.bmp,1
/home/jovyan/shared/pdt/dataset_public/test/good/1DOLLAR3RD__good__CAM2-20250312 170155370.bmp,0
/home/jovyan/shared/pdt/dataset_public/test/good/5CTS3RD__good__CAM3-20250312 103049914.bmp,0
/home/jovyan/shared/pdt/dataset_public/test/good/1DOLLAR3RD__good__CAM3-20250312 161543999.bmp,0
/home/jovyan/shared/pdt/dataset_public/test/good/1DOLLAR3RD__good__CAM1-20250312 161623891.bmp,0
/home/jovyan/shared/pdt/dataset_public/test/bad/50CTS3RD__Dirty__CAM4-20250304 181202936.bmp,1
/home/jovyan/shared/pdt/dataset_public/test/good/5CTS3RD__good__CAM4-20250305 155414748.bmp,0
/home/jovyan/shared/pdt/dataset_public/test/good/1DOLLAR3RD__good__CAM2-20250312 161529725.bmp,0
/home/jovyan/shared/pdt/dataset_public/test/bad/1DOLLAR3RD__Dirty__CAM4-20250303 174116881.bmp,1
/home/jovyan/shared/pdt/dataset_public/test/bad/50CTS3RD__Discolored__CAM1-20250304 181252298.bmp,1
/home/jovyan/shared/pdt/dataset_public/test/bad/50CTS3RD__Discolored__CAM1-20250304 181153910.bmp,1
/home/jovyan/shared/pdt/dataset_public/test/bad/1DOLLAR3RD__Dirty__CAM4-20250303 174131421.bmp,1
/home/jovyan/shared/pdt/dataset_public/test/good/5CTS3RD__good__CAM2-20250312 103100104.bmp,0
/home/jovyan/shared/pdt/dataset_public/test/good/1DOLLAR3RD__good__CAM4-20250312 170234658.bmp,0
/home/jovyan/shared/pdt/dataset_public/test/good/1DOLLAR3RD__good__CAM4-20250312 161540743.bmp,0
/home/jovyan/shared/pdt/dataset_public/test/bad/1DOLLAR3RD__Dirty__CAM3-20250303 174404233.bmp,1
/home/jovyan/shared/pdt/dataset_public/test/good/50CTS3RD__good__CAM1-20250313 160941862.bmp,0
/home/jovyan/shared/pdt/dataset_public/test/good/5CTS3RD__good__CAM2-20250312 103027879.bmp,0
/home/jovyan/shared/pdt/dataset_public/test/good/1DOLLAR3RD__good__CAM3-20250312 170224094.bmp,0
/home/jovyan/shared/pdt/dataset_public/test/good/5CTS3RD__good__CAM3-20250312 103028466.bmp,0
/home/jovyan/shared/pdt/dataset_public/test/good/5CTS3RD__good__CAM4-20250305 155402454.bmp,0
/home/jovyan/shared/pdt/dataset_public/test/good/50CTS3RD__good__CAM3-20250304 180905057.bmp,0
/home/jovyan/shared/pdt/dataset_public/test/bad/50CTS3RD__Dirty__CAM4-20250304 181109334.bmp,1
/home/jovyan/shared/pdt/dataset_public/test/good/1DOLLAR3RD__good__CAM2-20250312 170158187.bmp,0
/home/jovyan/shared/pdt/dataset_public/test/bad/5CTS3RD__Discolored__CAM2-20250305 161623062.bmp,1
/home/jovyan/shared/pdt/dataset_public/test/bad/50CTS3RD__Discolored__CAM2-20250304 181154383.bmp,1
/home/jovyan/shared/pdt/dataset_public/test/good/5CTS3RD__good__CAM1-20250305 155436510.bmp,0
/home/jovyan/shared/pdt/dataset_public/test/bad/5CTS3RD__Dirty__CAM4-20250305 160214700.bmp,1
/home/jovyan/shared/pdt/dataset_public/test/good/50CTS3RD__good__CAM2-20250304 180844117.bmp,0
/home/jovyan/shared/pdt/dataset_public/test/good/5CTS3RD__good__CAM1-20250305 155430521.bmp,0
/home/jovyan/shared/pdt/dataset_public/test/good/5CTS3RD__good__CAM3-20250312 103156730.bmp,0
/home/jovyan/shared/pdt/dataset_public/test/good/1DOLLAR3RD__good__CAM2-20250304 171214454.bmp,0
/home/jovyan/shared/pdt/dataset_public/test/good/5CTS3RD__good__CAM3-20250312 103026604.bmp,0
/home/jovyan/shared/pdt/dataset_public/test/good/5CTS3RD__good__CAM4-20250312 103048129.bmp,0
/home/jovyan/shared/pdt/dataset_public/test/good/50CTS3RD__good__CAM3-20250313 161000184.bmp,0
/home/jovyan/shared/pdt/dataset_public/test/good/50CTS3RD__good__CAM1-20250313 160956855.bmp,0
/home/jovyan/shared/pdt/dataset_public/test/good/1DOLLAR3RD__good__CAM1-20250312 170253147.bmp,0
/home/jovyan/shared/pdt/dataset_public/test/good/5CTS3RD__good__CAM2-20250312 103051003.bmp,0
/home/jovyan/shared/pdt/dataset_public/test/bad/1DOLLAR3RD__Discolored__CAM2-20250303 174108113.bmp,1
/home/jovyan/shared/pdt/dataset_public/test/good/5CTS3RD__good__CAM2-20250312 103057256.bmp,0
/home/jovyan/shared/pdt/dataset_public/test/bad/50CTS3RD__Dirty__CAM1-20250304 181347716.bmp,1
/home/jovyan/shared/pdt/dataset_public/test/bad/5CTS3RD__Discolored__CAM4-20250305 161241175.bmp,1
/home/jovyan/shared/pdt/dataset_public/test/bad/50CTS3RD__Dirty__CAM1-20250304 181057399.bmp,1
/home/jovyan/shared/pdt/dataset_public/test/bad/5CTS3RD__Dirty__CAM4-20250305 161620778.bmp,1
/home/jovyan/shared/pdt/dataset_public/test/bad/1DOLLAR3RD__Dirty__CAM2-20250303 174508433.bmp,1
/home/jovyan/shared/pdt/dataset_public/test/bad/50CTS3RD__Oxidation__CAM1-20250304 181254205.bmp,1
/home/jovyan/shared/pdt/dataset_public/test/bad/50CTS3RD__Damaged__CAM3-20250304 181256645.bmp,1
/home/jovyan/shared/pdt/dataset_public/test/good/5CTS3RD__good__CAM1-20250312 103027100.bmp,0
/home/jovyan/shared/pdt/dataset_public/test/good/5CTS3RD__good__CAM3-20250305 155343295.bmp,0
/home/jovyan/shared/pdt/dataset_public/test/bad/1DOLLAR3RD__Dirty__CAM4-20250303 174258438.bmp,1
/home/jovyan/shared/pdt/dataset_public/test/bad/50CTS3RD__Dirty__CAM2-20250304 181357296.bmp,1
/home/jovyan/shared/pdt/dataset_public/test/good/1DOLLAR3RD__good__CAM3-20250312 170303024.bmp,0
/home/jovyan/shared/pdt/dataset_public/test/good/50CTS3RD__good__CAM1-20250313 161003290.bmp,0
/home/jovyan/shared/pdt/dataset_public/test/good/50CTS3RD__good__CAM3-20250304 180858541.bmp,0
/home/jovyan/shared/pdt/dataset_public/test/good/50CTS3RD__good__CAM4-20250304 180852225.bmp,0
/home/jovyan/shared/pdt/dataset_public/test/bad/50CTS3RD__Discolored__CAM3-20250304 181101805.bmp,1
/home/jovyan/shared/pdt/dataset_public/test/good/1DOLLAR3RD__good__CAM3-20250304 171247879.bmp,0
/home/jovyan/shared/pdt/dataset_public/test/good/50CTS3RD__good__CAM2-20250313 160936746.bmp,0
/home/jovyan/shared/pdt/dataset_public/test/good/5CTS3RD__good__CAM4-20250312 103042029.bmp,0
/home/jovyan/shared/pdt/dataset_public/test/bad/50CTS3RD__Damaged__CAM1-20250304 181107947.bmp,1
/home/jovyan/shared/pdt/dataset_public/test/bad/50CTS3RD__Dirty__CAM4-20250304 181111819.bmp,1
/home/jovyan/shared/pdt/dataset_public/test/good/5CTS3RD__good__CAM2-20250312 103049495.bmp,0
/home/jovyan/shared/pdt/dataset_public/test/bad/1DOLLAR3RD__Dirty__CAM4-20250303 173931410.bmp,1
/home/jovyan/shared/pdt/dataset_public/test/bad/5CTS3RD__Dirty__CAM4-20250305 161235524.bmp,1
/home/jovyan/shared/pdt/dataset_public/test/good/50CTS3RD__good__CAM1-20250304 180900665.bmp,0
/home/jovyan/shared/pdt/dataset_public/test/good/1DOLLAR3RD__good__CAM4-20250304 171248978.bmp,0
/home/jovyan/shared/pdt/dataset_public/test/good/50CTS3RD__good__CAM4-20250313 160923412.bmp,0
/home/jovyan/shared/pdt/dataset_public/test/good/5CTS3RD__good__CAM4-20250312 103153068.bmp,0
/home/jovyan/shared/pdt/dataset_public/test/bad/1DOLLAR3RD__Oxidation__CAM4-20250303 174125101.bmp,1
/home/jovyan/shared/pdt/dataset_public/test/good/5CTS3RD__good__CAM2-20250312 103104050.bmp,0
/home/jovyan/shared/pdt/dataset_public/test/bad/1DOLLAR3RD__Dirty__CAM3-20250303 174112833.bmp,1
/home/jovyan/shared/pdt/dataset_public/test/good/5CTS3RD__good__CAM3-20250305 155420245.bmp,0
/home/jovyan/shared/pdt/dataset_public/test/bad/5CTS3RD__Damaged__CAM2-20250305 161618682.bmp,1
/home/jovyan/shared/pdt/dataset_public/test/good/5CTS3RD__good__CAM4-20250312 103100581.bmp,0
/home/jovyan/shared/pdt/dataset_public/test/good/1DOLLAR3RD__good__CAM4-20250304 171227293.bmp,0
/home/jovyan/shared/pdt/dataset_public/test/good/1DOLLAR3RD__good__CAM3-20250304 171206879.bmp,0
/home/jovyan/shared/pdt/dataset_public/test/bad/50CTS3RD__Dirty__CAM2-20250304 181058740.bmp,1
/home/jovyan/shared/pdt/dataset_public/test/good/1DOLLAR3RD__good__CAM3-20250304 171245207.bmp,0
/home/jovyan/shared/pdt/dataset_public/test/bad/5CTS3RD__Dirty__CAM1-20250305 160204902.bmp,1
/home/jovyan/shared/pdt/dataset_public/test/good/1DOLLAR3RD__good__CAM2-20250312 170312027.bmp,0
/home/jovyan/shared/pdt/dataset_public/test/bad/50CTS3RD__Dirty__CAM4-20250304 181107595.bmp,1
/home/jovyan/shared/pdt/dataset_public/test/good/5CTS3RD__good__CAM3-20250312 103048094.bmp,0
/home/jovyan/shared/pdt/dataset_public/test/bad/1DOLLAR3RD__Discolored__CAM2-20250303 173929253.bmp,1
/home/jovyan/shared/pdt/dataset_public/test/good/50CTS3RD__good__CAM1-20250304 180850137.bmp,0
/home/jovyan/shared/pdt/dataset_public/test/good/50CTS3RD__good__CAM1-20250304 180903815.bmp,0
/home/jovyan/shared/pdt/dataset_public/test/bad/1DOLLAR3RD__Dirty__CAM3-20250303 174122323.bmp,1
/home/jovyan/shared/pdt/dataset_public/test/bad/1DOLLAR3RD__Discolored__CAM4-20250303 174111256.bmp,1
/home/jovyan/shared/pdt/dataset_public/test/bad/50CTS3RD__Dirty__CAM3-20250304 181150257.bmp,1
/home/jovyan/shared/pdt/dataset_public/test/good/50CTS3RD__good__CAM3-20250313 161000943.bmp,0
/home/jovyan/shared/pdt/dataset_public/test/good/1DOLLAR3RD__good__CAM4-20250312 161553635.bmp,0
/home/jovyan/shared/pdt/dataset_public/test/good/5CTS3RD__good__CAM2-20250305 155448929.bmp,0
/home/jovyan/shared/pdt/dataset_public/test/good/50CTS3RD__good__CAM1-20250304 180854136.bmp,0
/home/jovyan/shared/pdt/dataset_public/test/good/5CTS3RD__good__CAM2-20250305 155451739.bmp,0
/home/jovyan/shared/pdt/dataset_public/test/good/1DOLLAR3RD__good__CAM1-20250312 170320833.bmp,0
/home/jovyan/shared/pdt/dataset_public/test/bad/5CTS3RD__Damaged__CAM3-20250305 161210089 - Copie.bmp,1
/home/jovyan/shared/pdt/dataset_public/test/bad/1DOLLAR3RD__Dirty__CAM4-20250303 174143822.bmp,1
/home/jovyan/shared/pdt/dataset_public/test/good/1DOLLAR3RD__good__CAM4-20250312 170323699.bmp,0
/home/jovyan/shared/pdt/dataset_public/test/good/1DOLLAR3RD__good__CAM4-20250304 171248111.bmp,0
/home/jovyan/shared/pdt/dataset_public/test/good/1DOLLAR3RD__good__CAM2-20250304 171210813.bmp,0
/home/jovyan/shared/pdt/dataset_public/test/good/1DOLLAR3RD__good__CAM4-20250312 170313470.bmp,0
/home/jovyan/shared/pdt/dataset_public/test/good/1DOLLAR3RD__good__CAM2-20250312 170212247.bmp,0
/home/jovyan/shared/pdt/dataset_public/test/bad/5CTS3RD__Damaged__CAM4-20250305 161237733.bmp,1
/home/jovyan/shared/pdt/dataset_public/test/good/5CTS3RD__good__CAM1-20250305 155411168.bmp,0
/home/jovyan/shared/pdt/dataset_public/test/good/1DOLLAR3RD__good__CAM2-20250304 171224380.bmp,0
/home/jovyan/shared/pdt/dataset_public/test/bad/5CTS3RD__Discolored__CAM1-20250305 160212546.bmp,1
/home/jovyan/shared/pdt/dataset_public/test/bad/5CTS3RD__Discolored__CAM3-20250305 161231679.bmp,1
/home/jovyan/shared/pdt/dataset_public/test/bad/1DOLLAR3RD__Dirty__CAM3-20250303 174514678.bmp,1
/home/jovyan/shared/pdt/dataset_public/test/good/50CTS3RD__good__CAM4-20250313 160925242.bmp,0
/home/jovyan/shared/pdt/dataset_public/test/good/1DOLLAR3RD__good__CAM3-20250304 171240540.bmp,0
/home/jovyan/shared/pdt/dataset_public/test/good/50CTS3RD__good__CAM2-20250313 160952216.bmp,0
/home/jovyan/shared/pdt/dataset_public/test/bad/5CTS3RD__Discolored__CAM2-20250305 160159011.bmp,1
/home/jovyan/shared/pdt/dataset_public/test/good/5CTS3RD__good__CAM4-20250305 155439242.bmp,0
/home/jovyan/shared/pdt/dataset_public/test/good/5CTS3RD__good__CAM3-20250305 155349732.bmp,0
/home/jovyan/shared/pdt/dataset_public/test/bad/50CTS3RD__Discolored__CAM4-20250304 181402674.bmp,1
/home/jovyan/shared/pdt/dataset_public/test/good/1DOLLAR3RD__good__CAM1-20250312 170208988.bmp,0
/home/jovyan/shared/pdt/dataset_public/test/good/5CTS3RD__good__CAM1-20250312 103104956.bmp,0
/home/jovyan/shared/pdt/dataset_public/test/good/1DOLLAR3RD__good__CAM4-20250312 170313353.bmp,0
/home/jovyan/shared/pdt/dataset_public/test/bad/.ipynb_checkpoints/1DOLLAR3RD__Damaged__CAM2-20250303 173923288-checkpoint.bmp,1
/home/jovyan/shared/pdt/dataset_public/test/good/1DOLLAR3RD__good__CAM4-20250312 161554194.bmp,0
/home/jovyan/shared/pdt/dataset_public/test/bad/1DOLLAR3RD__Discolored__CAM3-20250303 174128315.bmp,1
/home/jovyan/shared/pdt/dataset_public/test/bad/50CTS3RD__Dirty__CAM2-20250304 181146766.bmp,1
/home/jovyan/shared/pdt/dataset_public/test/good/1DOLLAR3RD__good__CAM4-20250312 170309245.bmp,0
/home/jovyan/shared/pdt/dataset_public/test/good/5CTS3RD__good__CAM3-20250312 103046251.bmp,0
/home/jovyan/shared/pdt/dataset_public/test/bad/1DOLLAR3RD__Damaged__CAM3-20250303 174404313.bmp,1
/home/jovyan/shared/pdt/dataset_public/test/good/50CTS3RD__good__CAM4-20250313 160925084.bmp,0
/home/jovyan/shared/pdt/dataset_public/test/good/5CTS3RD__good__CAM1-20250305 155405906.bmp,0
/home/jovyan/shared/pdt/dataset_public/test/good/50CTS3RD__good__CAM1-20250304 180849733.bmp,0
/home/jovyan/shared/pdt/dataset_public/test/good/1DOLLAR3RD__good__CAM4-20250304 171219610.bmp,0
/home/jovyan/shared/pdt/dataset_public/test/bad/50CTS3RD__Discolored__CAM1-20250304 181055735.bmp,1
/home/jovyan/shared/pdt/dataset_public/test/good/5CTS3RD__good__CAM2-20250312 103035639.bmp,0
/home/jovyan/shared/pdt/dataset_public/test/bad/1DOLLAR3RD__Discolored__CAM2-20250303 174250265.bmp,1
/home/jovyan/shared/pdt/dataset_public/test/bad/50CTS3RD__Damaged__CAM1-20250304 181101840.bmp,1
/home/jovyan/shared/pdt/dataset_public/test/bad/50CTS3RD__Dirty__CAM1-20250304 181353334.bmp,1
/home/jovyan/shared/pdt/dataset_public/test/good/5CTS3RD__good__CAM4-20250312 103105474.bmp,0
/home/jovyan/shared/pdt/dataset_public/test/good/50CTS3RD__good__CAM1-20250313 160945357.bmp,0
/home/jovyan/shared/pdt/dataset_public/test/good/5CTS3RD__good__CAM4-20250312 103047514.bmp,0
/home/jovyan/shared/pdt/dataset_public/test/bad/50CTS3RD__Discolored__CAM1-20250304 181153610.bmp,1
/home/jovyan/shared/pdt/dataset_public/test/bad/1DOLLAR3RD__Dirty__CAM4-20250303 174253977.bmp,1
/home/jovyan/shared/pdt/dataset_public/test/good/5CTS3RD__good__CAM1-20250312 103031718.bmp,0
/home/jovyan/shared/pdt/dataset_public/test/bad/5CTS3RD__Dirty__CAM4-20250305 160739690.bmp,1
/home/jovyan/shared/pdt/dataset_public/test/bad/5CTS3RD__Damaged__CAM1-20250305 161229363.bmp,1
/home/jovyan/shared/pdt/dataset_public/test/good/5CTS3RD__good__CAM1-20250305 155352540.bmp,0
/home/jovyan/shared/pdt/dataset_public/test/good/5CTS3RD__good__CAM3-20250305 155404159.bmp,0
/home/jovyan/shared/pdt/dataset_public/test/good/5CTS3RD__good__CAM3-20250312 103106425.bmp,0
/home/jovyan/shared/pdt/dataset_public/test/bad/5CTS3RD__Discolored__CAM3-20250305 161213565.bmp,1
/home/jovyan/shared/pdt/dataset_public/test/good/5CTS3RD__good__CAM2-20250312 103020435.bmp,0
/home/jovyan/shared/pdt/dataset_public/test/bad/50CTS3RD__Dirty__CAM1-20250304 181153785.bmp,1
/home/jovyan/shared/pdt/dataset_public/test/bad/1DOLLAR3RD__Dirty__CAM2-20250303 173934639.bmp,1
/home/jovyan/shared/pdt/dataset_public/test/good/1DOLLAR3RD__good__CAM4-20250312 170318208.bmp,0
/home/jovyan/shared/pdt/dataset_public/test/good/1DOLLAR3RD__good__CAM4-20250312 170313543.bmp,0
/home/jovyan/shared/pdt/dataset_public/test/bad/5CTS3RD__Damaged__CAM3-20250305 161144188.bmp,1
/home/jovyan/shared/pdt/dataset_public/test/good/5CTS3RD__good__CAM2-20250312 103102873.bmp,0
/home/jovyan/shared/pdt/dataset_public/test/good/50CTS3RD__good__CAM2-20250313 160917921.bmp,0
/home/jovyan/shared/pdt/dataset_public/test/good/50CTS3RD__good__CAM1-20250313 160935959.bmp,0
/home/jovyan/shared/pdt/dataset_public/test/good/5CTS3RD__good__CAM2-20250312 103035575.bmp,0
/home/jovyan/shared/pdt/dataset_public/test/good/5CTS3RD__good__CAM1-20250312 103053632.bmp,0
/home/jovyan/shared/pdt/dataset_public/test/good/5CTS3RD__good__CAM4-20250312 103153289.bmp,0
/home/jovyan/shared/pdt/dataset_public/test/good/5CTS3RD__good__CAM3-20250312 103046388.bmp,0
/home/jovyan/shared/pdt/dataset_public/test/bad/1DOLLAR3RD__Discolored__CAM3-20250303 174515615.bmp,1
/home/jovyan/shared/pdt/dataset_public/test/bad/1DOLLAR3RD__Discolored__CAM2-20250303 174246775.bmp,1
/home/jovyan/shared/pdt/dataset_public/test/good/1DOLLAR3RD__good__CAM3-20250312 170255451.bmp,0
/home/jovyan/shared/pdt/dataset_public/test/good/1DOLLAR3RD__good__CAM3-20250312 161527495.bmp,0
/home/jovyan/shared/pdt/dataset_public/test/good/5CTS3RD__good__CAM4-20250312 103049818.bmp,0
/home/jovyan/shared/pdt/dataset_public/test/good/1DOLLAR3RD__good__CAM1-20250312 170317151.bmp,0
/home/jovyan/shared/pdt/dataset_public/test/bad/5CTS3RD__Damaged__CAM1-20250305 161233824.bmp,1
/home/jovyan/shared/pdt/dataset_public/test/good/1DOLLAR3RD__good__CAM4-20250304 171208705.bmp,0
/home/jovyan/shared/pdt/dataset_public/test/good/5CTS3RD__good__CAM3-20250312 103051730.bmp,0
/home/jovyan/shared/pdt/dataset_public/test/good/5CTS3RD__good__CAM2-20250312 103044139.bmp,0
/home/jovyan/shared/pdt/dataset_public/test/good/1DOLLAR3RD__good__CAM4-20250312 161414848.bmp,0
/home/jovyan/shared/pdt/dataset_public/test/good/5CTS3RD__good__CAM3-20250305 155403204.bmp,0
/home/jovyan/shared/pdt/dataset_public/test/good/5CTS3RD__good__CAM2-20250312 103029266.bmp,0
/home/jovyan/shared/pdt/dataset_public/test/bad/50CTS3RD__Dirty__CAM4-20250304 181402359.bmp,1
/home/jovyan/shared/pdt/dataset_public/test/good/5CTS3RD__good__CAM4-20250312 103049589.bmp,0
/home/jovyan/shared/pdt/dataset_public/test/bad/50CTS3RD__Dirty__CAM1-20250304 181057713.bmp,1
/home/jovyan/shared/pdt/dataset_public/test/bad/1DOLLAR3RD__Dirty__CAM3-20250303 174523574.bmp,1
/home/jovyan/shared/pdt/dataset_public/test/good/1DOLLAR3RD__good__CAM4-20250312 170325953.bmp,0
/home/jovyan/shared/pdt/dataset_public/test/good/1DOLLAR3RD__good__CAM2-20250312 161409714.bmp,0
/home/jovyan/shared/pdt/dataset_public/test/bad/50CTS3RD__Discolored__CAM4-20250304 181257480.bmp,1
/home/jovyan/shared/pdt/dataset_public/test/bad/1DOLLAR3RD__Damaged__CAM3-20250303 174513751.bmp,1
/home/jovyan/shared/pdt/dataset_public/test/bad/5CTS3RD__Dirty__CAM4-20250305 161238406.bmp,1
/home/jovyan/shared/pdt/dataset_public/test/good/50CTS3RD__good__CAM3-20250304 180856180.bmp,0
/home/jovyan/shared/pdt/dataset_public/test/good/5CTS3RD__good__CAM4-20250312 103040883.bmp,0
/home/jovyan/shared/pdt/dataset_public/test/good/50CTS3RD__good__CAM4-20250313 161008151.bmp,0
/home/jovyan/shared/pdt/dataset_public/test/bad/50CTS3RD__Discolored__CAM3-20250304 181355621.bmp,1
/home/jovyan/shared/pdt/dataset_public/test/good/1DOLLAR3RD__good__CAM3-20250312 161456902.bmp,0
/home/jovyan/shared/pdt/dataset_public/test/bad/50CTS3RD__Dirty__CAM4-20250304 181251291.bmp,1
/home/jovyan/shared/pdt/dataset_public/test/good/1DOLLAR3RD__good__CAM2-20250312 161503841.bmp,0
/home/jovyan/shared/pdt/dataset_public/test/good/5CTS3RD__good__CAM3-20250312 103059527.bmp,0
/home/jovyan/shared/pdt/dataset_public/test/good/5CTS3RD__good__CAM4-20250312 103040283.bmp,0
/home/jovyan/shared/pdt/dataset_public/test/good/50CTS3RD__good__CAM2-20250313 160938200.bmp,0
/home/jovyan/shared/pdt/dataset_public/test/bad/5CTS3RD__Oxidation__CAM1-20250305 161616758.bmp,1
/home/jovyan/shared/pdt/dataset_public/test/good/1DOLLAR3RD__good__CAM3-20250304 171216254.bmp,0
/home/jovyan/shared/pdt/dataset_public/test/good/5CTS3RD__good__CAM2-20250312 103149276.bmp,0
/home/jovyan/shared/pdt/dataset_public/test/good/1DOLLAR3RD__good__CAM3-20250312 161538513.bmp,0
/home/jovyan/shared/pdt/dataset_public/test/good/5CTS3RD__good__CAM1-20250305 155411094.bmp,0
/home/jovyan/shared/pdt/dataset_public/test/good/1DOLLAR3RD__good__CAM2-20250312 161522690.bmp,0
/home/jovyan/shared/pdt/dataset_public/test/good/1DOLLAR3RD__good__CAM3-20250312 161525747.bmp,0
/home/jovyan/shared/pdt/dataset_public/test/bad/50CTS3RD__Dirty__CAM1-20250304 181055500.bmp,1
/home/jovyan/shared/pdt/dataset_public/test/good/5CTS3RD__good__CAM3-20250312 103106013.bmp,0
/home/jovyan/shared/pdt/dataset_public/test/good/50CTS3RD__good__CAM3-20250313 161001192.bmp,0
/home/jovyan/shared/pdt/dataset_public/test/bad/1DOLLAR3RD__Damaged__CAM3-20250303 174517480.bmp,1
/home/jovyan/shared/pdt/dataset_public/test/good/5CTS3RD__good__CAM4-20250312 103032838.bmp,0
/home/jovyan/shared/pdt/dataset_public/test/good/50CTS3RD__good__CAM3-20250313 160942532.bmp,0
/home/jovyan/shared/pdt/dataset_public/test/good/5CTS3RD__good__CAM3-20250305 155455882.bmp,0
/home/jovyan/shared/pdt/dataset_public/test/good/5CTS3RD__good__CAM2-20250312 103025205.bmp,0
/home/jovyan/shared/pdt/dataset_public/test/bad/50CTS3RD__Damaged__CAM2-20250304 181253738.bmp,1
/home/jovyan/shared/pdt/dataset_public/test/bad/1DOLLAR3RD__Dirty__CAM4-20250303 174135118.bmp,1
/home/jovyan/shared/pdt/dataset_public/test/bad/50CTS3RD__Damaged__CAM4-20250304 181106715.bmp,1
/home/jovyan/shared/pdt/dataset_public/test/good/5CTS3RD__good__CAM4-20250305 155456389.bmp,0
/home/jovyan/shared/pdt/dataset_public/test/good/5CTS3RD__good__CAM1-20250312 103028188.bmp,0
/home/jovyan/shared/pdt/dataset_public/test/good/5CTS3RD__good__CAM4-20250305 155446592.bmp,0
/home/jovyan/shared/pdt/dataset_public/test/bad/50CTS3RD__Dirty__CAM1-20250304 181154133.bmp,1
/home/jovyan/shared/pdt/dataset_public/test/bad/1DOLLAR3RD__Dirty__CAM3-20250303 174135722.bmp,1
/home/jovyan/shared/pdt/dataset_public/test/good/1DOLLAR3RD__good__CAM1-20250312 161457205.bmp,0
/home/jovyan/shared/pdt/dataset_public/test/good/1DOLLAR3RD__good__CAM4-20250312 161531806.bmp,0
/home/jovyan/shared/pdt/dataset_public/test/good/50CTS3RD__good__CAM3-20250304 180854596.bmp,0
/home/jovyan/shared/pdt/dataset_public/test/bad/5CTS3RD__Dirty__CAM1-20250305 160158828.bmp,1
/home/jovyan/shared/pdt/dataset_public/test/good/50CTS3RD__good__CAM2-20250313 160932882.bmp,0
/home/jovyan/shared/pdt/dataset_public/test/good/5CTS3RD__good__CAM4-20250312 103040109.bmp,0
/home/jovyan/shared/pdt/dataset_public/test/good/5CTS3RD__good__CAM1-20250312 103101622.bmp,0
/home/jovyan/shared/pdt/dataset_public/test/good/50CTS3RD__good__CAM1-20250313 160930740.bmp,0
/home/jovyan/shared/pdt/dataset_public/test/bad/50CTS3RD__Oxidation__CAM2-20250304 181059221.bmp,1
/home/jovyan/shared/pdt/dataset_public/test/bad/5CTS3RD__Discolored__CAM3-20250305 161637962.bmp,1
/home/jovyan/shared/pdt/dataset_public/test/bad/1DOLLAR3RD__Discolored__CAM2-20250303 174255665.bmp,1
/home/jovyan/shared/pdt/dataset_public/test/good/5CTS3RD__good__CAM4-20250312 103149334.bmp,0
/home/jovyan/shared/pdt/dataset_public/test/bad/50CTS3RD__Dirty__CAM1-20250304 181245845.bmp,1
/home/jovyan/shared/pdt/dataset_public/test/good/1DOLLAR3RD__good__CAM4-20250312 170206879.bmp,0
/home/jovyan/shared/pdt/dataset_public/test/good/50CTS3RD__good__CAM3-20250313 160954938.bmp,0
/home/jovyan/shared/pdt/dataset_public/test/good/5CTS3RD__good__CAM4-20250305 155350854.bmp,0
/home/jovyan/shared/pdt/dataset_public/test/bad/50CTS3RD__Discolored__CAM4-20250304 181359060.bmp,1
/home/jovyan/shared/pdt/dataset_public/test/good/5CTS3RD__good__CAM4-20250312 103150141.bmp,0
/home/jovyan/shared/pdt/dataset_public/test/good/50CTS3RD__good__CAM3-20250304 180845505.bmp,0
/home/jovyan/shared/pdt/dataset_public/test/good/1DOLLAR3RD__good__CAM4-20250304 171208464.bmp,0
/home/jovyan/shared/pdt/dataset_public/test/good/1DOLLAR3RD__good__CAM3-20250312 161440526.bmp,0
/home/jovyan/shared/pdt/dataset_public/test/good/5CTS3RD__good__CAM3-20250305 155402051.bmp,0
/home/jovyan/shared/pdt/dataset_public/test/bad/1DOLLAR3RD__Dirty__CAM3-20250303 174403345.bmp,1
/home/jovyan/shared/pdt/dataset_public/test/good/5CTS3RD__good__CAM2-20250312 103038229.bmp,0
/home/jovyan/shared/pdt/dataset_public/test/bad/1DOLLAR3RD__Damaged__CAM3-20250303 174515912.bmp,1
/home/jovyan/shared/pdt/dataset_public/test/good/50CTS3RD__good__CAM3-20250304 180843573.bmp,0
/home/jovyan/shared/pdt/dataset_public/test/good/1DOLLAR3RD__good__CAM1-20250312 161534853.bmp,0
/home/jovyan/shared/pdt/dataset_public/test/bad/1DOLLAR3RD__Damaged__CAM2-20250303 173923288.bmp,1
/home/jovyan/shared/pdt/dataset_public/test/good/1DOLLAR3RD__good__CAM2-20250312 170309206.bmp,0
/home/jovyan/shared/pdt/dataset_public/test/bad/1DOLLAR3RD__Discolored__CAM3-20250303 174124173.bmp,1
/home/jovyan/shared/pdt/dataset_public/test/good/5CTS3RD__good__CAM3-20250312 103157886.bmp,0
/home/jovyan/shared/pdt/dataset_public/test/good/50CTS3RD__good__CAM3-20250304 180841360.bmp,0
/home/jovyan/shared/pdt/dataset_public/test/bad/50CTS3RD__Dirty__CAM4-20250304 181100818.bmp,1
/home/jovyan/shared/pdt/dataset_public/test/good/1DOLLAR3RD__good__CAM4-20250312 161539183.bmp,0
/home/jovyan/shared/pdt/dataset_public/test/good/5CTS3RD__good__CAM3-20250312 103050435.bmp,0
/home/jovyan/shared/pdt/dataset_public/test/good/5CTS3RD__good__CAM2-20250312 103059468.bmp,0
/home/jovyan/shared/pdt/dataset_public/test/bad/5CTS3RD__Damaged__CAM4-20250305 161243984.bmp,1
/home/jovyan/shared/pdt/dataset_public/test/bad/50CTS3RD__Discolored__CAM3-20250304 181301957.bmp,1
/home/jovyan/shared/pdt/dataset_public/test/bad/50CTS3RD__Damaged__CAM3-20250304 181400889.bmp,1
/home/jovyan/shared/pdt/dataset_public/test/bad/50CTS3RD__Discolored__CAM1-20250304 181246005.bmp,1
/home/jovyan/shared/pdt/dataset_public/test/good/1DOLLAR3RD__good__CAM1-20250312 170303300.bmp,0
/home/jovyan/shared/pdt/dataset_public/test/good/5CTS3RD__good__CAM1-20250312 103053666.bmp,0
/home/jovyan/shared/pdt/dataset_public/test/good/5CTS3RD__good__CAM2-20250312 103053603.bmp,0
/home/jovyan/shared/pdt/dataset_public/test/good/1DOLLAR3RD__good__CAM3-20250312 161558530.bmp,0
/home/jovyan/shared/pdt/dataset_public/test/good/5CTS3RD__good__CAM4-20250312 103105594.bmp,0
/home/jovyan/shared/pdt/dataset_public/test/bad/1DOLLAR3RD__Damaged__CAM4-20250303 174257798.bmp,1
/home/jovyan/shared/pdt/dataset_public/test/bad/5CTS3RD__Damaged__CAM3-20250305 161232547.bmp,1
/home/jovyan/shared/pdt/dataset_public/test/good/50CTS3RD__good__CAM2-20250313 160951312.bmp,0
/home/jovyan/shared/pdt/dataset_public/test/good/1DOLLAR3RD__good__CAM4-20250312 161555062.bmp,0
/home/jovyan/shared/pdt/dataset_public/test/bad/1DOLLAR3RD__Discolored__CAM2-20250303 173926703.bmp,1
/home/jovyan/shared/pdt/dataset_public/test/good/5CTS3RD__good__CAM4-20250312 103100665.bmp,0
/home/jovyan/shared/pdt/dataset_public/test/bad/50CTS3RD__Oxidation__CAM3-20250304 181353262.bmp,1
/home/jovyan/shared/pdt/dataset_public/test/bad/50CTS3RD__Discolored__CAM2-20250304 181245583.bmp,1
/home/jovyan/shared/pdt/dataset_public/test/bad/5CTS3RD__Dirty__CAM4-20250305 161134045.bmp,1
/home/jovyan/shared/pdt/dataset_public/test/bad/50CTS3RD__Dirty__CAM3-20250304 181158426.bmp,1
/home/jovyan/shared/pdt/dataset_public/test/good/5CTS3RD__good__CAM3-20250305 155417168.bmp,0
/home/jovyan/shared/pdt/dataset_public/test/bad/50CTS3RD__Discolored__CAM3-20250304 181252738.bmp,1
/home/jovyan/shared/pdt/dataset_public/test/good/1DOLLAR3RD__good__CAM4-20250312 170217977.bmp,0
/home/jovyan/shared/pdt/dataset_public/test/good/1DOLLAR3RD__good__CAM3-20250304 171212733.bmp,0
/home/jovyan/shared/pdt/dataset_public/test/good/5CTS3RD__good__CAM3-20250305 155413911.bmp,0
/home/jovyan/shared/pdt/dataset_public/test/good/5CTS3RD__good__CAM3-20250312 103111781.bmp,0
/home/jovyan/shared/pdt/dataset_public/test/bad/5CTS3RD__Damaged__CAM1-20250305 161138672.bmp,1
/home/jovyan/shared/pdt/dataset_public/test/good/1DOLLAR3RD__good__CAM4-20250312 170239352.bmp,0
/home/jovyan/shared/pdt/dataset_public/test/good/5CTS3RD__good__CAM1-20250312 103104678.bmp,0
/home/jovyan/shared/pdt/dataset_public/test/bad/1DOLLAR3RD__Dirty__CAM2-20250303 174352358.bmp,1
/home/jovyan/shared/pdt/dataset_public/test/bad/5CTS3RD__Dirty__CAM4-20250305 161649272.bmp,1
/home/jovyan/shared/pdt/dataset_public/test/good/5CTS3RD__good__CAM1-20250312 103027194.bmp,0
/home/jovyan/shared/pdt/dataset_public/test/bad/1DOLLAR3RD__Dirty__CAM4-20250303 174136133.bmp,1
/home/jovyan/shared/pdt/dataset_public/test/bad/1DOLLAR3RD__Dirty__CAM4-20250303 174134119.bmp,1
/home/jovyan/shared/pdt/dataset_public/test/good/50CTS3RD__good__CAM4-20250304 180911620.bmp,0
/home/jovyan/shared/pdt/dataset_public/test/good/1DOLLAR3RD__good__CAM3-20250312 170202376.bmp,0
/home/jovyan/shared/pdt/dataset_public/test/bad/5CTS3RD__Dirty__CAM2-20250305 161622988.bmp,1
/home/jovyan/shared/pdt/dataset_public/test/good/5CTS3RD__good__CAM3-20250312 103107296.bmp,0
/home/jovyan/shared/pdt/dataset_public/test/bad/50CTS3RD__Dirty__CAM4-20250304 181257747.bmp,1
/home/jovyan/shared/pdt/dataset_public/test/good/1DOLLAR3RD__good__CAM1-20250312 161433880.bmp,0
/home/jovyan/shared/pdt/dataset_public/test/bad/50CTS3RD__Discolored__CAM2-20250304 181350851.bmp,1
/home/jovyan/shared/pdt/dataset_public/test/bad/5CTS3RD__Damaged__CAM2-20250305 161230959.bmp,1
/home/jovyan/shared/pdt/dataset_public/test/bad/1DOLLAR3RD__Dirty__CAM3-20250303 174256633.bmp,1
/home/jovyan/shared/pdt/dataset_public/test/bad/1DOLLAR3RD__Dirty__CAM3-20250303 174143377.bmp,1
/home/jovyan/shared/pdt/dataset_public/test/good/1DOLLAR3RD__good__CAM3-20250312 170204637.bmp,0
/home/jovyan/shared/pdt/dataset_public/test/bad/5CTS3RD__Damaged__CAM3-20250305 161142877 - Copie.bmp,1
/home/jovyan/shared/pdt/dataset_public/test/good/1DOLLAR3RD__good__CAM1-20250312 161514739.bmp,0
/home/jovyan/shared/pdt/dataset_public/test/good/50CTS3RD__good__CAM3-20250313 160958821.bmp,0
/home/jovyan/shared/pdt/dataset_public/test/good/5CTS3RD__good__CAM4-20250312 103025508.bmp,0
/home/jovyan/shared/pdt/dataset_public/test/bad/5CTS3RD__Dirty__CAM1-20250305 161128443.bmp,1
/home/jovyan/shared/pdt/dataset_public/test/bad/1DOLLAR3RD__Damaged__CAM4-20250303 174410672.bmp,1
/home/jovyan/shared/pdt/dataset_public/test/good/5CTS3RD__good__CAM2-20250312 103102442.bmp,0
/home/jovyan/shared/pdt/dataset_public/test/good/5CTS3RD__good__CAM4-20250312 103058561.bmp,0
/home/jovyan/shared/pdt/dataset_public/test/good/50CTS3RD__good__CAM1-20250313 160959055.bmp,0
/home/jovyan/shared/pdt/dataset_public/test/bad/5CTS3RD__Dirty__CAM2-20250305 161637027.bmp,1
/home/jovyan/shared/pdt/dataset_public/test/good/5CTS3RD__good__CAM3-20250305 155421636.bmp,0
/home/jovyan/shared/pdt/dataset_public/test/bad/50CTS3RD__Dirty__CAM2-20250304 181056014.bmp,1
/home/jovyan/shared/pdt/dataset_public/test/bad/1DOLLAR3RD__Discolored__CAM3-20250303 174254248.bmp,1
/home/jovyan/shared/pdt/dataset_public/test/good/1DOLLAR3RD__good__CAM2-20250312 161524041.bmp,0
/home/jovyan/shared/pdt/dataset_public/test/good/1DOLLAR3RD__good__CAM4-20250312 170212339.bmp,0
/home/jovyan/shared/pdt/dataset_public/test/bad/50CTS3RD__Oxidation__CAM4-20250304 181153650.bmp,1
/home/jovyan/shared/pdt/dataset_public/test/bad/5CTS3RD__Dirty__CAM1-20250305 160158878.bmp,1
/home/jovyan/shared/pdt/dataset_public/test/good/5CTS3RD__good__CAM4-20250305 155429079.bmp,0
/home/jovyan/shared/pdt/dataset_public/test/good/5CTS3RD__good__CAM2-20250312 103041335.bmp,0
/home/jovyan/shared/pdt/dataset_public/test/bad/1DOLLAR3RD__Dirty__CAM3-20250303 174138797.bmp,1
/home/jovyan/shared/pdt/dataset_public/test/good/1DOLLAR3RD__good__CAM2-20250304 171211172.bmp,0
/home/jovyan/shared/pdt/dataset_public/test/good/5CTS3RD__good__CAM4-20250305 155455095.bmp,0
/home/jovyan/shared/pdt/dataset_public/test/good/50CTS3RD__good__CAM2-20250304 180839556.bmp,0
/home/jovyan/shared/pdt/dataset_public/test/good/5CTS3RD__good__CAM4-20250305 155345548.bmp,0
/home/jovyan/shared/pdt/dataset_public/test/good/5CTS3RD__good__CAM3-20250305 155345223.bmp,0
/home/jovyan/shared/pdt/dataset_public/test/good/1DOLLAR3RD__good__CAM3-20250312 161539231.bmp,0
/home/jovyan/shared/pdt/dataset_public/test/good/50CTS3RD__good__CAM1-20250304 180900599.bmp,0
/home/jovyan/shared/pdt/dataset_public/test/bad/5CTS3RD__Discolored__CAM2-20250305 160203456.bmp,1
/home/jovyan/shared/pdt/dataset_public/test/good/5CTS3RD__good__CAM4-20250312 103105734.bmp,0
/home/jovyan/shared/pdt/dataset_public/test/good/1DOLLAR3RD__good__CAM2-20250312 170235820.bmp,0
/home/jovyan/shared/pdt/dataset_public/test/good/5CTS3RD__good__CAM3-20250312 103106694.bmp,0
/home/jovyan/shared/pdt/dataset_public/test/good/1DOLLAR3RD__good__CAM2-20250304 171220781.bmp,0
/home/jovyan/shared/pdt/dataset_public/test/good/50CTS3RD__good__CAM4-20250304 180859907.bmp,0
/home/jovyan/shared/pdt/dataset_public/test/good/50CTS3RD__good__CAM3-20250313 160937660.bmp,0
/home/jovyan/shared/pdt/dataset_public/test/good/5CTS3RD__good__CAM2-20250312 103032568.bmp,0
/home/jovyan/shared/pdt/dataset_public/test/bad/50CTS3RD__Damaged__CAM4-20250304 181108296.bmp,1
/home/jovyan/shared/pdt/dataset_public/test/bad/5CTS3RD__Dirty__CAM3-20250305 161644568.bmp,1
/home/jovyan/shared/pdt/dataset_public/test/good/5CTS3RD__good__CAM3-20250312 103041080.bmp,0
/home/jovyan/shared/pdt/dataset_public/test/good/1DOLLAR3RD__good__CAM3-20250304 171252709.bmp,0
/home/jovyan/shared/pdt/dataset_public/test/bad/5CTS3RD__Discolored__CAM1-20250305 161633163.bmp,1
/home/jovyan/shared/pdt/dataset_public/test/good/50CTS3RD__good__CAM3-20250304 180905528.bmp,0
/home/jovyan/shared/pdt/dataset_public/test/good/5CTS3RD__good__CAM4-20250305 155454716.bmp,0
/home/jovyan/shared/pdt/dataset_public/test/good/50CTS3RD__good__CAM1-20250304 180845606.bmp,0
/home/jovyan/shared/pdt/dataset_public/test/bad/50CTS3RD__Dirty__CAM2-20250304 181146224.bmp,1
/home/jovyan/shared/pdt/dataset_public/test/good/5CTS3RD__good__CAM4-20250305 155402175.bmp,0
/home/jovyan/shared/pdt/dataset_public/test/bad/1DOLLAR3RD__Discolored__CAM4-20250303 174133380.bmp,1
/home/jovyan/shared/pdt/dataset_public/test/bad/1DOLLAR3RD__Dirty__CAM4-20250303 174125062.bmp,1
/home/jovyan/shared/pdt/dataset_public/test/good/50CTS3RD__good__CAM2-20250313 160948030.bmp,0
/home/jovyan/shared/pdt/dataset_public/test/bad/5CTS3RD__Damaged__CAM4-20250305 161236938 - Copie.bmp,1
/home/jovyan/shared/pdt/dataset_public/test/good/5CTS3RD__good__CAM3-20250312 103059179.bmp,0
/home/jovyan/shared/pdt/dataset_public/test/good/1DOLLAR3RD__good__CAM4-20250312 161540411.bmp,0
/home/jovyan/shared/pdt/dataset_public/test/good/1DOLLAR3RD__good__CAM4-20250304 171209174.bmp,0
/home/jovyan/shared/pdt/dataset_public/test/bad/1DOLLAR3RD__Discolored__CAM3-20250303 174254402.bmp,1
/home/jovyan/shared/pdt/dataset_public/test/good/5CTS3RD__good__CAM4-20250312 103043555.bmp,0
/home/jovyan/shared/pdt/dataset_public/test/bad/5CTS3RD__Dirty__CAM1-20250305 160604130.bmp,1
/home/jovyan/shared/pdt/dataset_public/test/good/5CTS3RD__good__CAM3-20250312 103108102.bmp,0
/home/jovyan/shared/pdt/dataset_public/test/good/1DOLLAR3RD__good__CAM2-20250304 171210360.bmp,0
/home/jovyan/shared/pdt/dataset_public/test/bad/1DOLLAR3RD__Dirty__CAM4-20250303 174250461.bmp,1
/home/jovyan/shared/pdt/dataset_public/test/good/5CTS3RD__good__CAM1-20250312 103022207.bmp,0
/home/jovyan/shared/pdt/dataset_public/test/bad/5CTS3RD__Dirty__CAM2-20250305 160752318.bmp,1
/home/jovyan/shared/pdt/dataset_public/test/bad/1DOLLAR3RD__Dirty__CAM3-20250303 173926775.bmp,1
/home/jovyan/shared/pdt/dataset_public/test/good/5CTS3RD__good__CAM1-20250312 103049300.bmp,0
/home/jovyan/shared/pdt/dataset_public/test/bad/50CTS3RD__Dirty__CAM2-20250304 181055200.bmp,1
/home/jovyan/shared/pdt/dataset_public/test/bad/1DOLLAR3RD__Discolored__CAM2-20250303 174113131.bmp,1
/home/jovyan/shared/pdt/dataset_public/test/good/5CTS3RD__good__CAM2-20250312 103020145.bmp,0
/home/jovyan/shared/pdt/dataset_public/test/bad/5CTS3RD__Damaged__CAM3-20250305 161233998.bmp,1
/home/jovyan/shared/pdt/dataset_public/test/good/1DOLLAR3RD__good__CAM2-20250312 170212065.bmp,0
/home/jovyan/shared/pdt/dataset_public/test/bad/50CTS3RD__Dirty__CAM3-20250304 181151213.bmp,1
/home/jovyan/shared/pdt/dataset_public/test/bad/50CTS3RD__Discolored__CAM4-20250304 181256255.bmp,1
/home/jovyan/shared/pdt/dataset_public/test/bad/50CTS3RD__Discolored__CAM1-20250304 181103722.bmp,1
/home/jovyan/shared/pdt/dataset_public/test/good/5CTS3RD__good__CAM2-20250312 103020834.bmp,0
/home/jovyan/shared/pdt/dataset_public/test/good/5CTS3RD__good__CAM3-20250312 103034321.bmp,0
/home/jovyan/shared/pdt/dataset_public/test/good/5CTS3RD__good__CAM4-20250305 155442119.bmp,0
/home/jovyan/shared/pdt/dataset_public/test/bad/50CTS3RD__Discolored__CAM1-20250304 181350101.bmp,1
/home/jovyan/shared/pdt/dataset_public/test/good/5CTS3RD__good__CAM1-20250305 155444087.bmp,0
/home/jovyan/shared/pdt/dataset_public/test/good/5CTS3RD__good__CAM3-20250305 155350263.bmp,0
/home/jovyan/shared/pdt/dataset_public/test/bad/50CTS3RD__Dirty__CAM2-20250304 181102477.bmp,1
/home/jovyan/shared/pdt/dataset_public/test/good/50CTS3RD__good__CAM1-20250304 180842521.bmp,0
/home/jovyan/shared/pdt/dataset_public/test/good/50CTS3RD__good__CAM4-20250313 160919658.bmp,0
/home/jovyan/shared/pdt/dataset_public/test/good/5CTS3RD__good__CAM2-20250312 103030963.bmp,0
/home/jovyan/shared/pdt/dataset_public/test/good/5CTS3RD__good__CAM4-20250312 103105184.bmp,0
/home/jovyan/shared/pdt/dataset_public/test/bad/5CTS3RD__Damaged__CAM1-20250305 161633302.bmp,1
/home/jovyan/shared/pdt/dataset_public/test/good/5CTS3RD__good__CAM4-20250305 155454477.bmp,0
/home/jovyan/shared/pdt/dataset_public/test/bad/50CTS3RD__Discolored__CAM1-20250304 181252998.bmp,1
/home/jovyan/shared/pdt/dataset_public/test/good/1DOLLAR3RD__good__CAM4-20250312 161525936.bmp,0
/home/jovyan/shared/pdt/dataset_public/test/good/50CTS3RD__good__CAM3-20250304 180858933.bmp,0
/home/jovyan/shared/pdt/dataset_public/test/good/5CTS3RD__good__CAM2-20250312 103049988.bmp,0
/home/jovyan/shared/pdt/dataset_public/test/bad/1DOLLAR3RD__Damaged__CAM3-20250303 174454756.bmp,1
/home/jovyan/shared/pdt/dataset_public/test/bad/50CTS3RD__Dirty__CAM2-20250304 181347200.bmp,1
/home/jovyan/shared/pdt/dataset_public/test/good/5CTS3RD__good__CAM4-20250312 103107245.bmp,0
/home/jovyan/shared/pdt/dataset_public/test/bad/50CTS3RD__Discolored__CAM3-20250304 181357972.bmp,1
/home/jovyan/shared/pdt/dataset_public/test/good/1DOLLAR3RD__good__CAM2-20250312 161620105.bmp,0
/home/jovyan/shared/pdt/dataset_public/test/bad/1DOLLAR3RD__Discolored__CAM2-20250303 174247864.bmp,1
/home/jovyan/shared/pdt/dataset_public/test/good/50CTS3RD__good__CAM1-20250313 160928630.bmp,0
/home/jovyan/shared/pdt/dataset_public/test/good/5CTS3RD__good__CAM3-20250305 155404362.bmp,0
/home/jovyan/shared/pdt/dataset_public/test/good/5CTS3RD__good__CAM2-20250312 103145017.bmp,0
/home/jovyan/shared/pdt/dataset_public/test/bad/50CTS3RD__Discolored__CAM4-20250304 181251676.bmp,1
/home/jovyan/shared/pdt/dataset_public/test/bad/1DOLLAR3RD__Discolored__CAM2-20250303 174129739.bmp,1
/home/jovyan/shared/pdt/dataset_public/test/bad/50CTS3RD__Dirty__CAM3-20250304 181257412.bmp,1
/home/jovyan/shared/pdt/dataset_public/test/good/1DOLLAR3RD__good__CAM3-20250304 171220946.bmp,0
/home/jovyan/shared/pdt/dataset_public/test/good/50CTS3RD__good__CAM4-20250304 180851892.bmp,0
/home/jovyan/shared/pdt/dataset_public/test/good/5CTS3RD__good__CAM1-20250305 155410474.bmp,0
/home/jovyan/shared/pdt/dataset_public/test/good/1DOLLAR3RD__good__CAM3-20250312 161508737.bmp,0
/home/jovyan/shared/pdt/dataset_public/test/bad/1DOLLAR3RD__Discolored__CAM3-20250303 174140972.bmp,1
/home/jovyan/shared/pdt/dataset_public/test/good/50CTS3RD__good__CAM1-20250313 160945196.bmp,0
/home/jovyan/shared/pdt/dataset_public/test/good/1DOLLAR3RD__good__CAM4-20250312 161436680.bmp,0
/home/jovyan/shared/pdt/dataset_public/test/good/5CTS3RD__good__CAM3-20250312 103045970.bmp,0
/home/jovyan/shared/pdt/dataset_public/test/good/5CTS3RD__good__CAM4-20250312 103051530.bmp,0
/home/jovyan/shared/pdt/dataset_public/test/good/5CTS3RD__good__CAM2-20250312 103021270.bmp,0
/home/jovyan/shared/pdt/dataset_public/test/bad/5CTS3RD__Dirty__CAM1-20250305 161624530.bmp,1
/home/jovyan/shared/pdt/dataset_public/test/good/5CTS3RD__good__CAM3-20250312 103149807.bmp,0
/home/jovyan/shared/pdt/dataset_public/test/bad/50CTS3RD__Dirty__CAM4-20250304 181153445.bmp,1
/home/jovyan/shared/pdt/dataset_public/test/good/5CTS3RD__good__CAM2-20250312 103027652.bmp,0
/home/jovyan/shared/pdt/dataset_public/test/good/50CTS3RD__good__CAM3-20250313 161000571.bmp,0
/home/jovyan/shared/pdt/dataset_public/test/good/1DOLLAR3RD__good__CAM4-20250312 170323566.bmp,0
/home/jovyan/shared/pdt/dataset_public/test/good/5CTS3RD__good__CAM4-20250312 103052136.bmp,0
/home/jovyan/shared/pdt/dataset_public/test/good/50CTS3RD__good__CAM1-20250304 180909828.bmp,0
/home/jovyan/shared/pdt/dataset_public/test/bad/50CTS3RD__Damaged__CAM3-20250304 181257030.bmp,1
/home/jovyan/shared/pdt/dataset_public/test/good/50CTS3RD__good__CAM2-20250304 180847939.bmp,0
/home/jovyan/shared/pdt/dataset_public/test/bad/50CTS3RD__Discolored__CAM1-20250304 181246057.bmp,1
/home/jovyan/shared/pdt/dataset_public/test/good/50CTS3RD__good__CAM1-20250304 180853794.bmp,0
/home/jovyan/shared/pdt/dataset_public/test/good/1DOLLAR3RD__good__CAM4-20250312 170305109.bmp,0
/home/jovyan/shared/pdt/dataset_public/test/good/5CTS3RD__good__CAM1-20250312 103047530.bmp,0
/home/jovyan/shared/pdt/dataset_public/test/good/50CTS3RD__good__CAM4-20250313 160928930.bmp,0
/home/jovyan/shared/pdt/dataset_public/test/good/50CTS3RD__good__CAM2-20250313 160939032.bmp,0
/home/jovyan/shared/pdt/dataset_public/test/good/1DOLLAR3RD__good__CAM2-20250304 171203341.bmp,0
/home/jovyan/shared/pdt/dataset_public/test/good/1DOLLAR3RD__good__CAM2-20250312 161449798.bmp,0
/home/jovyan/shared/pdt/dataset_public/test/good/50CTS3RD__good__CAM4-20250313 160942764.bmp,0
/home/jovyan/shared/pdt/dataset_public/test/bad/1DOLLAR3RD__Dirty__CAM2-20250303 173931270.bmp,1
/home/jovyan/shared/pdt/dataset_public/test/good/5CTS3RD__good__CAM4-20250312 103024897.bmp,0
/home/jovyan/shared/pdt/dataset_public/test/good/50CTS3RD__good__CAM4-20250313 160951452.bmp,0
/home/jovyan/shared/pdt/dataset_public/test/bad/5CTS3RD__Dirty__CAM4-20250305 160222275.bmp,1
/home/jovyan/shared/pdt/dataset_public/test/bad/5CTS3RD__Dirty__CAM3-20250305 160219576.bmp,1
/home/jovyan/shared/pdt/dataset_public/test/good/50CTS3RD__good__CAM2-20250304 180903321.bmp,0
/home/jovyan/shared/pdt/dataset_public/test/good/1DOLLAR3RD__good__CAM2-20250304 171223388.bmp,0
/home/jovyan/shared/pdt/dataset_public/test/good/50CTS3RD__good__CAM4-20250313 160944154.bmp,0
/home/jovyan/shared/pdt/dataset_public/test/good/50CTS3RD__good__CAM2-20250304 180856326.bmp,0
/home/jovyan/shared/pdt/dataset_public/test/good/5CTS3RD__good__CAM2-20250312 103103370.bmp,0
/home/jovyan/shared/pdt/dataset_public/test/good/5CTS3RD__good__CAM2-20250312 103059403.bmp,0
/home/jovyan/shared/pdt/dataset_public/test/good/5CTS3RD__good__CAM3-20250312 103040391.bmp,0
/home/jovyan/shared/pdt/dataset_public/test/good/5CTS3RD__good__CAM3-20250312 103055025.bmp,0
/home/jovyan/shared/pdt/dataset_public/test/good/1DOLLAR3RD__good__CAM3-20250304 171237695.bmp,0
/home/jovyan/shared/pdt/dataset_public/test/bad/5CTS3RD__Dirty__CAM4-20250305 161624883.bmp,1
/home/jovyan/shared/pdt/dataset_public/test/good/5CTS3RD__good__CAM4-20250312 103028748.bmp,0
/home/jovyan/shared/pdt/dataset_public/test/good/50CTS3RD__good__CAM4-20250304 180859635.bmp,0
/home/jovyan/shared/pdt/dataset_public/test/good/5CTS3RD__good__CAM1-20250312 103040940.bmp,0
/home/jovyan/shared/pdt/dataset_public/test/good/50CTS3RD__good__CAM1-20250304 180842340.bmp,0
/home/jovyan/shared/pdt/dataset_public/test/bad/5CTS3RD__Damaged__CAM4-20250305 161233146.bmp,1
/home/jovyan/shared/pdt/dataset_public/test/bad/5CTS3RD__Discolored__CAM3-20250305 160203361.bmp,1
/home/jovyan/shared/pdt/dataset_public/test/good/50CTS3RD__good__CAM3-20250313 160926158.bmp,0
/home/jovyan/shared/pdt/dataset_public/test/bad/50CTS3RD__Dirty__CAM1-20250304 181106046.bmp,1
/home/jovyan/shared/pdt/dataset_public/test/good/1DOLLAR3RD__good__CAM3-20250304 171406053.bmp,0
/home/jovyan/shared/pdt/dataset_public/test/bad/5CTS3RD__Dirty__CAM2-20250305 160202899.bmp,1
/home/jovyan/shared/pdt/dataset_public/test/good/50CTS3RD__good__CAM2-20250304 180837697.bmp,0
/home/jovyan/shared/pdt/dataset_public/test/bad/50CTS3RD__Dirty__CAM2-20250304 181058828.bmp,1
/home/jovyan/shared/pdt/dataset_public/test/good/1DOLLAR3RD__good__CAM2-20250312 161550238.bmp,0
/home/jovyan/shared/pdt/dataset_public/test/good/5CTS3RD__good__CAM3-20250305 155358047.bmp,0
/home/jovyan/shared/pdt/dataset_public/test/good/50CTS3RD__good__CAM2-20250313 160925889.bmp,0
/home/jovyan/shared/pdt/dataset_public/test/good/5CTS3RD__good__CAM3-20250305 155352329.bmp,0
/home/jovyan/shared/pdt/dataset_public/test/good/5CTS3RD__good__CAM1-20250312 103036123.bmp,0
/home/jovyan/shared/pdt/dataset_public/test/bad/1DOLLAR3RD__Discolored__CAM2-20250303 174511109.bmp,1
/home/jovyan/shared/pdt/dataset_public/test/bad/5CTS3RD__Dirty__CAM2-20250305 160810941.bmp,1
/home/jovyan/shared/pdt/dataset_public/test/good/1DOLLAR3RD__good__CAM4-20250312 161547296.bmp,0
/home/jovyan/shared/pdt/dataset_public/test/good/5CTS3RD__good__CAM3-20250312 103103736.bmp,0
/home/jovyan/shared/pdt/dataset_public/test/good/50CTS3RD__good__CAM3-20250304 180905091.bmp,0
/home/jovyan/shared/pdt/dataset_public/test/good/50CTS3RD__good__CAM1-20250304 180841499.bmp,0
/home/jovyan/shared/pdt/dataset_public/test/good/5CTS3RD__good__CAM3-20250305 155355932.bmp,0
/home/jovyan/shared/pdt/dataset_public/test/good/1DOLLAR3RD__good__CAM3-20250304 171237978.bmp,0
/home/jovyan/shared/pdt/dataset_public/test/bad/1DOLLAR3RD__Dirty__CAM3-20250303 174137086.bmp,1
/home/jovyan/shared/pdt/dataset_public/test/good/50CTS3RD__good__CAM1-20250304 180844667.bmp,0
/home/jovyan/shared/pdt/dataset_public/test/bad/50CTS3RD__Discolored__CAM2-20250304 181253575.bmp,1
/home/jovyan/shared/pdt/dataset_public/test/bad/1DOLLAR3RD__Oxidation__CAM3-20250303 174248894.bmp,1
/home/jovyan/shared/pdt/dataset_public/test/good/1DOLLAR3RD__good__CAM1-20250312 161542578.bmp,0
/home/jovyan/shared/pdt/dataset_public/test/good/5CTS3RD__good__CAM3-20250305 155352198.bmp,0
/home/jovyan/shared/pdt/dataset_public/test/good/5CTS3RD__good__CAM3-20250312 103050856.bmp,0
/home/jovyan/shared/pdt/dataset_public/test/bad/1DOLLAR3RD__Dirty__CAM4-20250303 174029128.bmp,1
/home/jovyan/shared/pdt/dataset_public/test/bad/1DOLLAR3RD__Dirty__CAM4-20250303 174403297.bmp,1
/home/jovyan/shared/pdt/dataset_public/test/good/5CTS3RD__good__CAM4-20250312 103031186.bmp,0
/home/jovyan/shared/pdt/dataset_public/test/good/1DOLLAR3RD__good__CAM3-20250304 171238449.bmp,0
/home/jovyan/shared/pdt/dataset_public/test/bad/1DOLLAR3RD__Discolored__CAM2-20250303 173931445.bmp,1
/home/jovyan/shared/pdt/dataset_public/test/good/1DOLLAR3RD__good__CAM3-20250312 161516868.bmp,0
/home/jovyan/shared/pdt/dataset_public/test/bad/5CTS3RD__Oxidation__CAM2-20250305 161643457.bmp,1
/home/jovyan/shared/pdt/dataset_public/test/bad/1DOLLAR3RD__Oxidation__CAM2-20250303 174519735.bmp,1
/home/jovyan/shared/pdt/dataset_public/test/good/5CTS3RD__good__CAM3-20250312 103106068.bmp,0
/home/jovyan/shared/pdt/dataset_public/test/good/5CTS3RD__good__CAM4-20250312 103047107.bmp,0
/home/jovyan/shared/pdt/dataset_public/test/good/5CTS3RD__good__CAM3-20250312 103036976.bmp,0
/home/jovyan/shared/pdt/dataset_public/test/bad/50CTS3RD__Dirty__CAM4-20250304 181205340.bmp,1
